time,open,high,low,close,Volume,Volume MA,DEMA,EMA,Second EMA,H F,L F,H D,L D,+RBD,+HBD,-RBD,-HBD,TRIN,ADX,Plot,Plot,Schaff_TC,Plot,Plot,Plot,RSI,RSI-based MA,Upper Bollinger Band,Lower Bollinger Band,Detrended Price Oscillator,Source 2 - Source 1 DPO,K1,EMA,RSI EMA K1,EMA RSI EMA K1
2018-06-18T09:30:00-04:00,49.7,50.889,49.58,50.49,816955,NaN,NaN,NaN,NaN,NaN,NaN,NaN,NaN,NaN,NaN,NaN,NaN,NaN,NaN,25,NaN,0,25,75,NaN,NaN,NaN,NaN,NaN,NaN,NaN,NaN,NaN,NaN,NaN
2018-06-25T09:30:00-04:00,50.23,50.23,48.97,49.53,3247418,NaN,NaN,NaN,NaN,NaN,NaN,NaN,NaN,NaN,NaN,NaN,NaN,NaN,NaN,25,NaN,0,25,75,NaN,NaN,NaN,NaN,NaN,NaN,NaN,NaN,NaN,NaN,NaN
2018-07-02T09:30:00-04:00,49.11,50.8164,48.94,50.77,943405,NaN,NaN,NaN,NaN,NaN,NaN,NaN,NaN,NaN,NaN,NaN,NaN,NaN,NaN,25,NaN,0,25,75,NaN,NaN,NaN,NaN,NaN,NaN,NaN,NaN,NaN,NaN,NaN
2018-07-09T09:30:00-04:00,51.2,51.7998,50.65,51.69,1940368,NaN,NaN,NaN,NaN,NaN,NaN,NaN,NaN,NaN,NaN,NaN,NaN,NaN,NaN,25,NaN,0,25,75,NaN,NaN,NaN,NaN,NaN,NaN,NaN,NaN,NaN,NaN,NaN
2018-07-16T09:30:00-04:00,51.78,51.78,50.72,50.87,938115,NaN,NaN,NaN,NaN,NaN,NaN,NaN,NaN,NaN,NaN,NaN,NaN,NaN,NaN,25,NaN,0,25,75,NaN,NaN,NaN,NaN,NaN,NaN,NaN,NaN,NaN,NaN,NaN
2018-07-23T09:30:00-04:00,50.93,52.11,48.638,48.91,2862827,NaN,NaN,NaN,NaN,NaN,NaN,NaN,NaN,NaN,NaN,NaN,NaN,NaN,NaN,25,NaN,0,25,75,NaN,NaN,NaN,NaN,NaN,NaN,NaN,NaN,NaN,NaN,NaN
2018-07-30T09:30:00-04:00,49.02,49.02,47.869,48.91,3020913,NaN,NaN,NaN,NaN,NaN,NaN,NaN,NaN,NaN,NaN,NaN,NaN,NaN,NaN,25,NaN,0,25,75,NaN,NaN,NaN,NaN,NaN,NaN,NaN,NaN,NaN,NaN,NaN
2018-08-06T09:30:00-04:00,48.91,49.885,48.82,49.27,837239,NaN,NaN,NaN,NaN,NaN,NaN,NaN,NaN,NaN,NaN,NaN,NaN,NaN,NaN,25,NaN,0,25,75,NaN,NaN,NaN,NaN,NaN,NaN,NaN,NaN,NaN,NaN,NaN
2018-08-13T09:30:00-04:00,49.33,49.63,48.4,48.61,1407187,NaN,NaN,NaN,NaN,NaN,NaN,NaN,NaN,NaN,NaN,NaN,NaN,NaN,NaN,25,NaN,0,25,75,NaN,NaN,NaN,NaN,NaN,NaN,NaN,NaN,NaN,NaN,NaN
2018-08-20T09:30:00-04:00,48.85,49.44,48.3707,49.44,1647129,NaN,NaN,NaN,NaN,NaN,NaN,NaN,NaN,NaN,NaN,NaN,NaN,NaN,NaN,25,NaN,0,25,75,NaN,NaN,NaN,NaN,NaN,NaN,NaN,NaN,NaN,NaN,NaN
2018-08-27T09:30:00-04:00,49.75,50.06,49.0419,49.18,1299719,NaN,NaN,NaN,NaN,NaN,NaN,NaN,NaN,NaN,NaN,NaN,NaN,NaN,NaN,25,-38024.405948697866,0,25,75,NaN,NaN,NaN,NaN,NaN,NaN,NaN,NaN,NaN,NaN,NaN
2018-09-04T09:30:00-04:00,49.05,49.05,47.17,47.68,2472611,NaN,NaN,NaN,NaN,NaN,NaN,NaN,NaN,NaN,NaN,NaN,NaN,1.0310534310931325,NaN,25,-35838.063099079314,0,25,75,NaN,NaN,NaN,NaN,NaN,NaN,NaN,NaN,NaN,NaN,NaN
2018-09-10T09:30:00-04:00,47.98,48.64,47.5587,48.37,3585248,NaN,NaN,NaN,NaN,NaN,NaN,NaN,NaN,NaN,NaN,NaN,NaN,1.0822181270039046,NaN,25,-27830.95235175929,0,25,75,NaN,NaN,NaN,NaN,NaN,NaN,NaN,NaN,NaN,NaN,NaN
2018-09-17T09:30:00-04:00,48.42,49.04,47.86,48.55,16156509,NaN,NaN,NaN,NaN,NaN,NaN,NaN,NaN,NaN,NaN,NaN,NaN,1.0104851332973936,NaN,25,-13326.559473913629,0,25,75,NaN,NaN,NaN,NaN,NaN,NaN,NaN,NaN,NaN,NaN,NaN
2018-09-24T09:30:00-04:00,48.21,49.53,48.01,49,22408482,NaN,NaN,NaN,NaN,NaN,NaN,NaN,NaN,NaN,NaN,NaN,NaN,1.0453496735423324,NaN,25,16677.947946679822,0,25,75,NaN,42.31887147596216,NaN,NaN,NaN,NaN,NaN,NaN,NaN,NaN,NaN
2018-10-01T09:30:00-04:00,49.17,49.22,47.48,47.82,26547702,NaN,NaN,NaN,NaN,NaN,NaN,NaN,NaN,NaN,NaN,NaN,NaN,0.9756348845629085,NaN,25,-11656.064473889477,0,25,75,NaN,38.8391431422083,NaN,NaN,NaN,NaN,NaN,NaN,NaN,NaN,NaN
2018-10-08T09:30:00-04:00,47.6,48.12,44.93,46.37,22931151,NaN,NaN,NaN,NaN,NaN,NaN,NaN,NaN,NaN,NaN,NaN,NaN,0.900905069358215,NaN,25,-85205.51495650446,0,25,75,NaN,32.879590426964356,NaN,NaN,NaN,NaN,NaN,NaN,NaN,NaN,NaN
2018-10-15T09:30:00-04:00,46.21,47.74,46,46.72,34697600,NaN,NaN,NaN,NaN,NaN,NaN,NaN,NaN,NaN,NaN,NaN,NaN,0.9286095934432869,NaN,25,-128109.73507234012,0,25,75,NaN,35.153578710550775,NaN,NaN,NaN,NaN,NaN,NaN,NaN,NaN,NaN
2018-10-22T09:30:00-04:00,46.99,47.12,44.04,44.6,17664702,NaN,NaN,NaN,NaN,NaN,NaN,NaN,NaN,NaN,NaN,NaN,NaN,0.9925515843625372,NaN,25,-234984.00858195632,0,25,75,NaN,29.816073282125814,NaN,NaN,NaN,NaN,NaN,NaN,NaN,NaN,NaN
2018-10-29T09:30:00-04:00,45.3,46.7484,43.07,45.84,18530545,9197791.25,NaN,NaN,NaN,NaN,NaN,NaN,NaN,NaN,NaN,NaN,NaN,1.0075146751108726,NaN,25,-314719.83827794937,0,25,75,NaN,31.68076472678193,NaN,NaN,NaN,NaN,NaN,NaN,NaN,NaN,NaN
2018-11-05T09:30:00-05:00,45.93,46.79,45.01,45.37,10715878,9692737.4,NaN,NaN,NaN,NaN,NaN,NaN,NaN,NaN,NaN,NaN,NaN,0.9728872897815792,NaN,25,-437080.48014660773,0,25,75,NaN,33.42369405216678,NaN,NaN,NaN,NaN,NaN,NaN,NaN,NaN,NaN
2018-11-12T09:30:00-05:00,45.32,45.37,44.1357,44.88,11472687,10104000.85,NaN,NaN,NaN,NaN,NaN,NaN,NaN,NaN,NaN,NaN,NaN,1.0978245424605808,NaN,25,-468691.0366893887,0,25,75,NaN,30.76653501431535,NaN,NaN,NaN,NaN,NaN,NaN,NaN,NaN,NaN
2018-11-19T09:30:00-05:00,44.73,44.76,42.38,42.89,11240683,10618864.75,NaN,NaN,NaN,NaN,NaN,NaN,NaN,NaN,NaN,NaN,NaN,1.0424065877050472,NaN,25,-412454.46618075925,0,25,75,NaN,26.3881167204173,NaN,NaN,NaN,NaN,NaN,NaN,NaN,NaN,NaN
2018-11-26T09:30:00-05:00,43.39,45.305,43.28,45.01,15204759,11282084.3,NaN,NaN,NaN,NaN,NaN,NaN,NaN,NaN,NaN,NaN,NaN,0.9801409420329729,NaN,25,-343751.5323197113,50,25,75,NaN,35.274943514848445,NaN,NaN,NaN,NaN,NaN,NaN,NaN,NaN,NaN
2018-12-03T09:30:00-05:00,45.98,45.98,42.97,43.4,15244724,11997414.75,NaN,NaN,NaN,NaN,42.38,NaN,42.38,NaN,NaN,NaN,NaN,0.9568775051583553,NaN,25,-157037.69686977658,72.52156067995813,25,75,NaN,33.11293784844973,NaN,NaN,NaN,NaN,NaN,NaN,NaN,NaN,NaN
2018-12-10T09:30:00-05:00,43.52,44.8299,42.9071,43.61,15052877,12606917.25,NaN,NaN,NaN,NaN,NaN,NaN,NaN,NaN,NaN,NaN,NaN,1.027061770081636,NaN,25,-115265.79687511013,86.26078033997906,25,75,NaN,32.51679546687869,NaN,NaN,NaN,NaN,NaN,NaN,NaN,NaN,NaN
2018-12-17T09:30:00-05:00,43.45,43.84,39.5,39.81,29643823,13938062.75,NaN,NaN,NaN,45.98,NaN,45.98,NaN,NaN,NaN,NaN,NaN,1.025453035682927,NaN,25,-296916.98134259274,68.13039016998954,25,75,NaN,25.142180123779923,NaN,NaN,NaN,NaN,NaN,NaN,NaN,NaN,NaN
2018-12-24T09:30:00-05:00,39.53,41.84,38.97,41.22,14393097,14615855.65,NaN,NaN,NaN,NaN,NaN,NaN,NaN,NaN,NaN,NaN,NaN,1.1960960405999033,48.27558736790314,25,-397742.26133297523,34.06519508499477,25,75,NaN,25.58154195226078,32.34962617555074,NaN,NaN,NaN,NaN,NaN,NaN,NaN,NaN
2018-12-31T09:30:00-05:00,41.54,43.01,40.52,42.9,16056465,15348319.55,NaN,NaN,NaN,NaN,39.5,NaN,39.5,NaN,NaN,NaN,NaN,1.1871829617254872,48.251514785590274,25,-452027.171454113,56.71915650783458,25,75,NaN,34.28939123509731,31.77609187263182,NaN,NaN,NaN,NaN,NaN,NaN,NaN,NaN
2019-01-07T09:30:00-05:00,42.95,44.33,42.81,44.05,10604823,15796204.25,NaN,NaN,NaN,NaN,NaN,NaN,NaN,NaN,NaN,NaN,NaN,1.159610534914653,47.21059055719978,25,-561099.0416945093,78.35957825391729,25,75,NaN,41.459933982963584,31.963291218400055,NaN,NaN,NaN,NaN,NaN,NaN,NaN,NaN
2019-01-14T09:30:00-05:00,43.76,45.2752,43.55,44.97,31835172,17322976.9,NaN,NaN,NaN,NaN,NaN,NaN,NaN,NaN,NaN,NaN,NaN,1.103286531799643,45.58337339291173,25,-545948.5013808841,89.17978912695864,25,75,NaN,45.29460128446355,32.85007770822143,NaN,NaN,NaN,NaN,NaN,NaN,NaN,NaN
2019-01-22T09:30:00-05:00,44.66,44.74,43.44,44.6,13103509,17854521.8,NaN,NaN,NaN,NaN,NaN,NaN,NaN,NaN,NaN,NaN,NaN,1.1926971452235844,44.11879073911771,25,-562515.4369403357,94.58989456347932,25,75,NaN,44.07291509628702,33.48717316434544,NaN,NaN,-3.875714285714288,-0.43953809523809184,NaN,NaN,NaN,NaN
2019-01-28T09:30:00-05:00,44.18,46.36,43.51,45.97,17238436,18537181.2,NaN,NaN,NaN,NaN,NaN,NaN,NaN,NaN,NaN,NaN,NaN,1.2029759067112205,41.68682965292838,25,-163115.3995138188,97.29494728173967,25,75,NaN,48.826630358204135,34.84507009835104,NaN,NaN,-2.238571428571433,1.1140190476190526,NaN,NaN,NaN,NaN
2019-02-04T09:30:00-05:00,46.01,46.95,44.93,45.73,14782410,18468476.25,NaN,NaN,NaN,NaN,NaN,NaN,NaN,NaN,NaN,NaN,NaN,1.159397083167293,39.07520952415377,25,221331.81088505778,98.64747364086983,25,75,NaN,50.3948613683847,36.18179128703695,NaN,NaN,-2.162380952380957,0.2306857142857197,NaN,NaN,NaN,NaN
2019-02-11T09:30:00-05:00,45.92,46.3,45.23,46.18,12511557,17973630,NaN,NaN,NaN,NaN,NaN,NaN,NaN,NaN,NaN,NaN,NaN,1.1708255975437656,36.65013369029163,25,450388.13130770787,99.32373682043492,25,75,NaN,50.976464310239635,37.435560591185016,NaN,NaN,-1.4380952380952365,-0.726390476190474,NaN,NaN,62.105459869334545,NaN
2019-02-19T09:30:00-05:00,46.05,46.4,45.47,46.07,14421751,17367332.45,NaN,NaN,NaN,46.95,NaN,46.95,NaN,NaN,NaN,NaN,NaN,1.1337492348742009,34.33251845870448,25,637058.1983177641,99.66186841021747,25,75,NaN,51.1111473816121,38.88874718884906,NaN,NaN,-1.153333333333336,-0.9549714285714259,NaN,NaN,62.02186561195913,NaN
2019-02-25T09:30:00-05:00,46.34,46.405,45.56,46.28,20613659,17251457.85,NaN,NaN,NaN,NaN,NaN,NaN,NaN,NaN,NaN,NaN,NaN,1.0928971190741406,32.17693896123594,25,460873.27936077863,99.83093420510873,25,75,NaN,51.7241313894015,40.69846252234794,NaN,NaN,-0.5976190476190482,-1.0810571428571407,NaN,NaN,67.10888655764967,NaN
2019-03-04T09:30:00-05:00,46.51,46.808,45.56,46.17,17876965,16410426.1,NaN,NaN,NaN,NaN,NaN,NaN,NaN,NaN,NaN,NaN,NaN,1.0917408723826703,29.882923176170667,25,350802.1031387446,99.91546710255437,25,75,NaN,51.954656979238344,41.88987062694722,NaN,NaN,-0.2742857142857176,-0.7193904761904761,NaN,NaN,67.37670187496657,NaN
2019-03-11T09:30:00-04:00,46.29,47.53,46.29,47.02,25602114,16807296.7,NaN,NaN,NaN,NaN,NaN,NaN,NaN,NaN,NaN,NaN,NaN,1.0312233048318158,28.247876285220702,25,249341.25467955624,99.95773355127719,25,75,NaN,55.863983791816246,43.514945337187676,NaN,NaN,0.941904761904766,-0.8092476190476177,NaN,NaN,68.66285484704002,NaN
2019-03-18T09:30:00-04:00,46.82,47.7769,46.515,46.97,22126452,16987092.05,NaN,NaN,NaN,NaN,NaN,NaN,NaN,NaN,NaN,NaN,NaN,1.0032155106144647,26.89770741186702,25,187602.32724639215,99.9788667756386,25,75,NaN,56.31563313026622,45.21486231314394,NaN,NaN,1.1952380952380963,-0.8552047619047656,NaN,NaN,69.96595114679604,NaN
2019-03-25T09:30:00-04:00,46.84,47.54,46.4,46.77,11796752,17041135.75,NaN,NaN,NaN,NaN,NaN,NaN,NaN,NaN,NaN,NaN,NaN,1.0262494483801838,25.546096596783098,25,168483.84144495497,99.9894333878193,25,75,NaN,55.08823434069801,47.35386618578094,NaN,NaN,1.2123809523809541,-0.9909142857142825,NaN,NaN,63.18337837125586,NaN
2019-04-01T09:30:00-04:00,47.13,48.36,47.13,48.32,15044432,17219723,NaN,NaN,NaN,NaN,NaN,NaN,NaN,NaN,NaN,NaN,NaN,1.0092145376665735,24.86807023310586,25,177548.63754767482,99.99471669390965,25,75,NaN,60.78108562486222,49.86811930525247,NaN,NaN,2.9752380952380975,-0.932147619047619,NaN,NaN,68.96897242163861,NaN
2019-04-08T09:30:00-04:00,48.26,49.06,47.99,49.02,16487844,17482081.05,NaN,NaN,NaN,NaN,46.4,NaN,46.4,NaN,NaN,NaN,NaN,0.9759207258795867,24.68625436375003,25,239828.79590128106,99.99735834695483,25,75,NaN,63.91654558171079,51.984344615724865,NaN,NaN,3.893333333333331,-1.1055714285714302,NaN,NaN,71.25499719788534,NaN
2019-04-15T09:30:00-04:00,49.03,49.25,48.69,49.15,9084080,17176047.1,NaN,NaN,NaN,NaN,NaN,NaN,NaN,NaN,NaN,NaN,NaN,1.0214209802098988,24.635953024977336,25,303079.1827206019,99.99867917347741,25,75,NaN,65.0844710512168,53.67181154917152,NaN,NaN,4.104761904761901,-1.661761904761903,NaN,NaN,74.65051644783156,NaN
2019-04-22T09:30:00-04:00,49.05,50.78,49.0019,50.76,14509662,17139294,NaN,NaN,NaN,NaN,NaN,NaN,NaN,NaN,NaN,NaN,NaN,1.001363284808127,25.437939159995558,25,331770.7005228362,99.9993395867387,25,75,NaN,69.72893064659145,55.41712078932351,NaN,NaN,5.840476190476188,-0.4883619047619021,NaN,NaN,75.34496931678946,NaN
2019-04-29T09:30:00-04:00,50.87,51.34,49.19,50.09,15531904,17163245.35,NaN,NaN,NaN,NaN,NaN,NaN,NaN,NaN,NaN,NaN,NaN,1.0464851648084346,26.44850200032885,25,347281.01930405886,99.99966979336935,25,75,NaN,68.58015690536733,57.16763806140068,NaN,NaN,5.283333333333331,-0.11122380952380695,NaN,NaN,76.75185451771037,NaN
2019-05-06T09:30:00-04:00,49.27,50.09,48.17,49.11,18097438,16585926.1,NaN,NaN,NaN,50.78,NaN,50.78,NaN,NaN,NaN,NaN,NaN,1.0963588846916468,26.3678939249924,25,356954.62705975265,99.99983489668467,25,75,NaN,60.863090981891105,58.02738524880689,NaN,NaN,4.442857142857136,-0.313128571428571,NaN,NaN,77.37713512279751,NaN
2019-05-13T09:30:00-04:00,48.12,49.61,47.45,49,29126083,17322575.4,NaN,NaN,NaN,NaN,NaN,NaN,NaN,NaN,NaN,NaN,NaN,1.2250482277729156,25.647730201031738,25,274932.25509901537,49.99991744834234,25,75,NaN,58.483934653332504,58.60517619773174,NaN,NaN,4.406190476190474,-0.030509523809534755,NaN,NaN,80.34346773752102,70.36550078865541
2019-05-20T09:30:00-04:00,48.5,48.99,47.71,47.98,15684188,17303961.55,NaN,NaN,NaN,NaN,NaN,NaN,NaN,NaN,NaN,NaN,NaN,1.1663543901993452,24.97900674306826,25,178468.90825447324,24.99995872417117,25,75,NaN,54.59918768082339,58.86394215277344,NaN,NaN,3.395714285714277,-0.8180333333333394,NaN,NaN,71.40206250617204,70.50370901765763
2019-05-28T09:30:00-04:00,48.18,48.61,47.02,47.09,10311378,17289289.3,NaN,NaN,NaN,NaN,NaN,NaN,NaN,NaN,NaN,NaN,NaN,1.2315563041630133,23.74189637234431,25,62886.2315552599,12.499979362085584,25,75,NaN,50.324322776105774,58.80774039523727,NaN,NaN,2.491428571428564,-0.4842238095238116,NaN,NaN,59.966303329438304,69.09872159256172
2019-06-03T09:30:00-04:00,46.63,47.73,45.31,47.57,26313968,17013229.1,NaN,NaN,NaN,NaN,NaN,NaN,NaN,NaN,NaN,NaN,NaN,1.1432419533071103,22.769799321973263,25,-119053.07161681796,6.249989681042792,25,75,NaN,48.00912838144949,58.54238303752641,NaN,NaN,2.858571428571423,0.4323523809523735,NaN,NaN,60.84108906974556,67.99770392285289
2019-06-10T09:30:00-04:00,47.87,48.26,47.325,48.12,19727585,17344432.9,NaN,NaN,NaN,NaN,NaN,NaN,NaN,NaN,NaN,NaN,NaN,1.1577378805784948,21.45588805464238,25,-201759.3103016331,3.124994840521396,25,75,NaN,53.194727208523126,58.630959482475326,NaN,NaN,3.3642857142857068,-0.9317714285714302,NaN,NaN,61.05198837807019,67.07160851688187
2019-06-17T09:30:00-04:00,48.3,49.634,48.26,49.4,24772718,17721147,NaN,NaN,NaN,NaN,45.31,NaN,45.31,NaN,NaN,NaN,NaN,1.1370217682339567,20.560366113132435,25,-157637.37650739565,9.859140709043777,25,75,NaN,59.06778162491144,58.859802184839275,NaN,NaN,4.503809523809515,-0.46658095238095143,NaN,NaN,60.246849852359105,66.1616406949455
2019-06-24T09:30:00-04:00,49.49,49.62,48.32,49.22,18119245,17887988.75,NaN,NaN,NaN,NaN,NaN,NaN,NaN,NaN,NaN,NaN,NaN,1.131152947651753,19.72881002458749,25,-104634.69496586372,54.92957035452189,25,75,NaN,58.55748089873686,59.01993416830146,NaN,NaN,4.126666666666658,-0.5327571428571503,NaN,NaN,57.999213701168195,65.0733170957752
2019-07-01T09:30:00-04:00,49.77,50.48,49.43,50.41,9466015,17735711.65,NaN,NaN,NaN,NaN,NaN,NaN,NaN,NaN,NaN,NaN,NaN,1.0933409030426118,19.507238092071415,25,65569.04913844529,77.46478517726095,25,75,NaN,63.289148963717615,59.60571378423143,NaN,NaN,5.01857142857142,-0.6960904761904843,NaN,NaN,62.71068960731428,64.75830009731374
2019-07-08T09:30:00-04:00,50.21,51.25,49.71,51.24,13247188,17676983.5,NaN,NaN,NaN,NaN,NaN,NaN,NaN,NaN,NaN,NaN,NaN,1.1283183378868542,19.750788446528208,25,261690.9493472638,88.73239258863047,25,75,NaN,65.90114569290952,59.97143236052052,NaN,NaN,5.574761904761893,-0.1943333333333399,NaN,NaN,63.57596585441089,64.60065553159336
2019-07-15T09:30:00-04:00,51.27,51.35,49.55,49.59,15170917,17404846.4,NaN,NaN,NaN,NaN,NaN,NaN,NaN,NaN,NaN,NaN,NaN,1.165678024105408,19.83117489542088,25,345133.15201355773,94.36619629431524,25,75,NaN,60.18358359504125,59.704792218615545,NaN,NaN,3.60619047619047,0.1066190476190485,NaN,NaN,55.41185162826683,63.37548167781649
2019-07-22T09:30:00-04:00,49.74,51.87,49.455,51.72,14099144,17215955.35,NaN,NaN,NaN,NaN,NaN,NaN,NaN,NaN,NaN,NaN,NaN,1.1336837115504848,20.216199297533358,25,424409.35981479246,97.18309814715762,25,75,NaN,64.77291699750786,59.68253835763634,NaN,NaN,5.474285714285706,0.721752380952374,NaN,NaN,56.24544225569702,62.424809754867226
2019-07-29T09:30:00-04:00,51.64,51.64,49.75,50.05,15524969,16712098.1,NaN,NaN,NaN,NaN,NaN,NaN,NaN,NaN,NaN,NaN,NaN,1.1948567611846195,20.5737219566378,25,327791.14003802347,86.2235183157656,25,75,NaN,59.60126482383493,58.95913365601087,NaN,NaN,3.36666666666666,0.30056190476189926,NaN,NaN,52.203193263916276,61.06192755607377
2019-08-05T09:30:00-04:00,49.09,50.19,47.97,49.62,20417909,16626670.95,NaN,NaN,NaN,51.87,NaN,51.87,NaN,51.87,NaN,NaN,NaN,1.223709559462213,19.304689345681115,25,211354.95413758338,43.1117591578828,25,75,NaN,53.821762351159336,57.90496261642459,NaN,NaN,2.6147619047618917,0.7062761904761885,NaN,NaN,53.87467058416923,60.103626626486495
2019-08-12T09:30:00-04:00,49.38,50.29,47.78,48.74,18892215,16981444.1,NaN,NaN,NaN,NaN,NaN,NaN,NaN,NaN,NaN,NaN,NaN,1.371343688407816,17.978250042009943,25,61261.055970823414,21.5558795789414,25,75,NaN,51.394137025391146,57.22860876238888,NaN,NaN,1.5352380952380855,1.039133333333318,NaN,NaN,54.119570710866924,59.305752504403884
2019-08-19T09:30:00-04:00,49.31,49.71,47.735,47.9,12792482,16868846.6,NaN,NaN,NaN,NaN,NaN,NaN,NaN,NaN,NaN,NaN,NaN,1.2936063885470233,16.709744815584646,25,-117074.42031937848,10.7779397894707,25,75,NaN,48.46120601264035,56.51269957376801,NaN,NaN,0.5276190476190337,0.46127619047619106,NaN,NaN,50.915972534213516,58.18711517504517
2019-08-26T09:30:00-04:00,48.35,49.86,48.1,49.53,13664491,16727678.95,NaN,NaN,NaN,NaN,NaN,NaN,NaN,NaN,NaN,NaN,NaN,1.1980741206966268,15.660379638439759,25,-117093.77582626046,5.38896989473535,25,75,NaN,53.17427197109246,56.41091988021579,NaN,NaN,2.0076190476190376,0.28390476190475766,NaN,NaN,48.91102934993718,56.95030373169744
2019-09-03T09:30:00-04:00,49.19,50.93,48.91,50.73,12079097,16877429.8,NaN,NaN,NaN,NaN,47.735,NaN,47.735,NaN,NaN,NaN,NaN,1.2156348603588907,15.537575430272263,25,-205136.8978656317,11.728322721292336,25,75,NaN,57.87748895158885,56.950431749893156,NaN,NaN,2.9790476190475985,0.5403809523809429,NaN,NaN,48.09993471382554,55.77025452931452
2019-09-09T09:30:00-04:00,51,51.65,50.61,51.29,23918383,17347865.85,NaN,NaN,NaN,NaN,NaN,NaN,NaN,NaN,NaN,NaN,NaN,1.1367320718399239,15.921652422967592,25,-169143.5442844225,55.86416136064617,25,75,NaN,61.33652829100295,57.90238888628983,NaN,NaN,3.3842857142856957,-0.36580952380953136,NaN,NaN,45.87222504498801,54.450517264737655
2019-09-16T09:30:00-04:00,50.99,51.44,50.41,50.69,17563053,17449423.3,NaN,NaN,NaN,NaN,NaN,NaN,NaN,NaN,NaN,NaN,NaN,1.0988286309704487,16.073891838990612,25,-95799.33790492208,77.93208068032308,25,75,NaN,58.96492367763263,58.31454577694051,NaN,NaN,2.561428571428557,-0.3296190476190475,NaN,NaN,37.80563597785293,52.231199759819695
2019-09-23T09:30:00-04:00,50.52,50.6997,48.89,49.27,13414057,17215254.25,NaN,NaN,NaN,51.65,NaN,51.65,NaN,NaN,NaN,NaN,NaN,1.0967738668554659,15.004579134402531,25,-40517.62574825273,76.16523029978482,25,75,NaN,52.09329821723466,57.81636839067789,NaN,NaN,0.9004761904761764,0.4276999999999873,NaN,NaN,35.83099916231161,50.044506346818615
2019-09-30T09:30:00-04:00,49.37,49.79,47.7203,49.41,18657205,16691810.35,NaN,NaN,NaN,NaN,NaN,NaN,NaN,NaN,NaN,NaN,NaN,1.1052387776212722,14.849004355726011,25,115602.22349069374,50.532134259678266,25,75,NaN,49.88453897515275,57.196872538993304,NaN,NaN,0.8728571428571215,0.6462714285714171,NaN,NaN,41.02738531167801,48.8422235421332
2019-10-07T09:30:00-04:00,49.28,50.2,48.61,49.76,15095412,16662371.55,NaN,NaN,NaN,NaN,NaN,NaN,NaN,NaN,NaN,NaN,NaN,1.1035769381690814,14.359378305131518,25,151223.07714670282,25.266067129839133,25,75,NaN,52.30480427284045,56.41227648964493,NaN,NaN,0.963809523809509,0.09180952380952334,NaN,NaN,41.11659976541461,47.81214037190405
2019-10-14T09:30:00-04:00,49.71,51.01,49.53,50.3,9676175,16630611.4,NaN,NaN,NaN,NaN,47.7203,NaN,47.7203,NaN,NaN,NaN,NaN,1.1219392452719978,13.406900159750357,25,127527.64727884579,12.633033564919566,25,75,NaN,55.55312311117638,55.67313201952114,NaN,NaN,1.319047619047602,-0.04876190476191056,NaN,NaN,45.91694965707496,47.55944827659351
2019-10-21T09:30:00-04:00,50.51,50.7299,49.76,50.32,9588809,15794353.45,NaN,NaN,NaN,NaN,NaN,NaN,NaN,NaN,NaN,NaN,NaN,1.079333312142715,12.52245616761071,25,26576.28526770277,6.316516782459783,25,75,NaN,55.53848187463859,55.341339039492375,NaN,NaN,1.2152380952380852,-0.6055285714285716,NaN,NaN,53.02742526286375,48.288511874762875
2019-10-28T09:30:00-04:00,50.58,50.96,50.095,50.95,16085344,15612241.4,NaN,NaN,NaN,51.01,NaN,51.01,NaN,NaN,NaN,NaN,NaN,1.0610717608488256,11.890493528930941,25,-48753.61990854693,53.15825839122989,25,75,NaN,57.70759230378387,54.836672989940666,NaN,NaN,1.760952380952375,-0.7698619047619104,NaN,NaN,53.6979906090411,49.00977570599997
2019-11-04T09:30:00-05:00,51.12,51.75,50.84,51.53,12339596,14990585.3,NaN,NaN,NaN,NaN,NaN,NaN,NaN,NaN,NaN,NaN,NaN,1.0158091523001405,11.923502226142636,25,-5590.701969733884,76.57912919561494,25,75,NaN,60.752448138114076,54.91890036953203,NaN,NaN,2.2871428571428396,-0.764623809523826,NaN,NaN,52.34063226747011,49.45388991419599
2019-11-11T09:30:00-05:00,51.25,52.01,51.12,51.99,13731161,14771181.1,NaN,NaN,NaN,NaN,NaN,NaN,NaN,NaN,NaN,NaN,NaN,1.0391573494286475,12.147864088134765,25,66173.16619796034,88.28956459780747,25,75,NaN,62.334521378241774,55.52695458575221,NaN,NaN,2.6895238095238057,-0.8098619047619096,NaN,NaN,54.33748429409567,50.10503583151595
2019-11-18T09:30:00-05:00,51.91,52.32,51.48,52.04,9397384,14767749.55,NaN,NaN,NaN,NaN,NaN,NaN,NaN,NaN,NaN,NaN,NaN,1.056614488971649,12.58802314667328,25,147121.04130437886,94.14478229890373,25,75,NaN,63.1775631454122,56.368627880039426,NaN,NaN,2.6580952380952283,-0.9050999999999974,NaN,NaN,53.9155372221798,50.61310268360446
2019-11-25T09:30:00-05:00,52.21,52.8,52.09,52.56,10318482,14621314.25,NaN,NaN,NaN,NaN,NaN,NaN,NaN,NaN,NaN,NaN,NaN,1.039307301226143,13.346263829548214,25,196895.90912708535,97.07239114945187,25,75,NaN,65.47931532759719,57.584207116822064,NaN,NaN,3.0761904761904617,-1.0579571428571413,NaN,NaN,49.53184105392022,50.46893446631323
2019-12-02T09:30:00-05:00,52.61,52.83,51.3,52.76,21868159,14956176.35,NaN,NaN,NaN,NaN,NaN,NaN,NaN,NaN,NaN,NaN,NaN,1.0201387566796078,13.205694708069352,25,214005.45945840934,98.53619557472594,25,75,NaN,64.74269383893815,58.41052296452533,NaN,NaN,3.2795238095237877,-0.20233333333332837,NaN,NaN,48.91224289814366,50.261375590557286
2019-12-09T09:30:00-05:00,52.67,53.06,52.24,52.56,16585958,15080517.05,NaN,NaN,NaN,52.8,NaN,52.8,NaN,NaN,NaN,NaN,NaN,1.0293440157878022,13.260094387502793,25,198660.46907120978,99.26809778736296,25,75,NaN,65.63323063827359,58.964504513574234,NaN,NaN,3.1185714285714212,-0.8961285714285694,NaN,NaN,54.640498926363826,50.845258701998155
2019-12-16T09:30:00-05:00,52.85,54.085,52.85,53.93,15848972,15096717.2,NaN,NaN,NaN,NaN,51.3,NaN,51.3,NaN,NaN,NaN,NaN,0.9942174489145146,14.06626291645508,25,198137.4194368678,99.63404889368148,25,75,NaN,70.23367679451759,59.60001512096814,NaN,NaN,4.474285714285706,-0.48825714285715094,NaN,NaN,53.52712562407727,51.202840958275374
2019-12-23T09:30:00-05:00,54.08,54.35,53.735,54.09,8175085,14484576,NaN,NaN,NaN,NaN,NaN,NaN,NaN,NaN,NaN,NaN,NaN,0.9978333830335147,14.993260780995826,25,189302.65967019962,99.81702444684075,25,75,NaN,71.60888257882169,60.50315504248164,NaN,NaN,4.598095238095233,-1.0811142857142855,NaN,NaN,59.407534587481,52.29680010883612
2019-12-30T09:30:00-05:00,54.11,54.26,53.37,53.91,12907937,14185362.1,NaN,NaN,NaN,54.085,NaN,54.085,NaN,NaN,NaN,NaN,NaN,1.0054475156016358,15.429312543982185,25,176479.22629825596,99.90851222342037,25,75,NaN,69.68660215152934,61.75981960921698,NaN,NaN,4.307619047619042,-0.8156380952380928,NaN,NaN,56.87948820827673,52.907825188761535
2020-01-06T09:30:00-05:00,53.61,55.59,53.6,55.16,13578923,14224684.15,NaN,NaN,NaN,NaN,NaN,NaN,NaN,NaN,NaN,NaN,NaN,1.0010475048968748,16.708722055791533,25,187600.29929188453,99.95425611171018,25,75,NaN,73.50258537625855,63.44682292358168,NaN,NaN,5.403809523809514,0.3138904761904655,NaN,NaN,62.000949228923744,54.12024172744983
2020-01-13T09:30:00-05:00,55.42,56.695,55.18,56.68,16035828,14343251,NaN,NaN,NaN,NaN,NaN,NaN,NaN,NaN,NaN,NaN,NaN,1.019738545259394,18.477198204838505,25,228358.81352839316,99.97712805585509,25,75,NaN,77.75502289573643,65.26469568235996,NaN,NaN,6.762857142857129,-0.08706190476191011,NaN,NaN,70.516866075436,56.306458307181316
2020-01-21T09:30:00-05:00,56.58,56.905,55.43,55.69,12886285,14383610.4,NaN,NaN,NaN,NaN,53.6,NaN,53.6,NaN,NaN,NaN,NaN,1.0548477694900547,20.22113061571117,25,276848.58406798495,99.98856402792754,25,75,NaN,74.34363569205044,66.60687515242239,NaN,NaN,5.610476190476177,-0.12587142857143618,NaN,NaN,60.30277024822831,56.83929989932091
2020-01-27T09:30:00-05:00,54.65,55.76,53.79,53.91,25018176,14438600.05,NaN,NaN,NaN,56.695,NaN,56.695,NaN,NaN,NaN,NaN,NaN,1.216751740718547,20.105993384520186,25,204080.5469160278,49.99428201396377,25,75,NaN,62.09631445932171,67.07529176561404,NaN,NaN,3.7071428571428413,0.392176190476178,NaN,NaN,50.003676868898175,55.927883495264545
2020-02-03T09:30:00-05:00,54.35,56.06,54.34,55.86,17878156,14454355.2,NaN,NaN,NaN,NaN,NaN,NaN,NaN,NaN,NaN,NaN,NaN,1.1988757858774106,20.187402911377408,25,180692.59979789832,24.997141006981884,25,75,NaN,66.54024024896884,67.70619519027011,NaN,NaN,5.522857142857134,0.16408095238095655,NaN,NaN,52.39937245450519,55.45741535649663
2020-02-10T09:30:00-05:00,55.73,57.085,55.69,56.94,12727294,14420017.05,NaN,NaN,NaN,NaN,53.79,NaN,53.79,NaN,NaN,NaN,53.79,1.216037894882339,20.862077213824346,25,189189.68956216052,37.510458527621324,25,75,NaN,70.13977816442926,68.37671876357832,NaN,NaN,6.500476190476178,-0.14472857142857976,NaN,NaN,58.249687479105376,55.829718306177796
2020-02-18T09:30:00-05:00,56.82,57.75,55.96,56.12,13121170,14143215.3,NaN,NaN,NaN,NaN,NaN,NaN,NaN,NaN,NaN,NaN,NaN,1.2006370619082116,21.836652175898145,25,126326.87093566568,50.517107534874455,25,75,NaN,68.89888992662036,68.84560223131966,NaN,NaN,5.608095238095224,0.25074761904761544,NaN,NaN,56.79733310307308,55.9587336124305
2020-02-24T09:30:00-05:00,54.4,54.78,49.04,50.76,51849961,15980942.75,NaN,NaN,NaN,NaN,NaN,NaN,NaN,NaN,NaN,NaN,NaN,1.256524322506511,22.01039634875625,25,-299017.3173915343,25.258553767437228,25,75,NaN,44.251540131151444,67.49374344458674,NaN,NaN,0.10666666666665492,4.247414285714285,NaN,NaN,50.936677226362754,55.289126094288136
2020-03-02T09:30:00-05:00,51.29,53.21,48.62,49.82,30635811,17028924.55,NaN,NaN,NaN,57.75,NaN,57.75,NaN,57.75,NaN,NaN,NaN,1.2445715511735624,22.321938867560846,25,-722245.0999103456,12.629276883718614,25,75,NaN,41.266351790950424,65.76424604911197,NaN,NaN,-0.9385714285714428,3.153604761904745,NaN,NaN,46.334975132508895,54.09523929938424
2020-03-09T09:30:00-04:00,46.55,48.89,41.05,46.19,34119588,18255463.5,NaN,NaN,NaN,NaN,NaN,NaN,NaN,NaN,NaN,NaN,NaN,1.1617545411924033,24.453103050575393,25,-1182229.287040233,6.314638441859307,25,75,NaN,30.35430653682387,63.30793267038954,NaN,NaN,-4.760952380952396,6.464319047619043,NaN,NaN,47.822631852215196,53.2588916397617
2020-03-16T09:30:00-04:00,39.51,43.69,38.68,40.22,76292422,21265817.4,NaN,NaN,NaN,NaN,NaN,NaN,NaN,NaN,NaN,NaN,NaN,1.0797792776400916,26.79294202649966,25,-2375887.9904841688,3.1573192209296534,25,75,NaN,23.52821342857409,60.30043144112528,NaN,NaN,-10.935238095238105,3.6976523809523627,NaN,NaN,45.13464276967624,52.175658457083635
2020-03-23T09:30:00-04:00,40.01,44.73,39.03,42.76,34972311,22397453.15,NaN,NaN,NaN,NaN,41.05,NaN,41.05,NaN,NaN,NaN,NaN,1.0494369498468117,28.431846372568486,25,-3419130.10192474,1.5786596104648267,25,75,NaN,29.21327783598599,57.37040294408731,NaN,NaN,-8.700952380952394,4.412414285714263,NaN,NaN,41.98989783661065,50.81755704102057
2020-03-30T09:30:00-04:00,43.16,45.035,41.59,42.15,20892977,22755543.95,NaN,NaN,NaN,NaN,NaN,NaN,NaN,NaN,NaN,NaN,NaN,1.0743678566379995,29.795485196332212,25,-4473256.902056664,0.7893298052324134,25,75,NaN,30.625427661404828,54.44301330712897,NaN,NaN,-9.729047619047634,2.179319047619039,NaN,NaN,37.03459457216173,48.97982871183939
2020-04-06T09:30:00-04:00,43.73,47.06,43.48,46.57,12873995,22929374.5,NaN,NaN,NaN,NaN,NaN,NaN,NaN,NaN,NaN,NaN,NaN,1.041545720135594,30.05389242582269,25,-4691985.843034947,1.34038387702075,25,75,NaN,40.53176801852876,52.360525154771786,NaN,NaN,-5.602380952380955,2.3278904761904755,NaN,NaN,36.15222351845942,47.26948135272206
2020-04-13T09:30:00-04:00,46.45,48.6,45.56,48.41,15953912,23211146,NaN,NaN,NaN,NaN,NaN,NaN,NaN,NaN,NaN,NaN,NaN,1.0251246892136203,29.60160544713024,25,-4709468.979374325,50.67019193851037,25,75,NaN,45.34228221570265,50.34907492901779,NaN,NaN,-3.913809523809533,1.7902714285714154,NaN,NaN,39.80851662117172,46.274686055182016
2020-04-20T09:30:00-04:00,47.96,48.69,46.12,48.66,13447899,22790133,NaN,NaN,NaN,NaN,NaN,NaN,NaN,NaN,NaN,NaN,NaN,1.029270470084866,29.141406008278047,25,-4283376.6060958505,75.33509596925518,25,75,NaN,46.082224932842706,48.086732217382526,NaN,NaN,-3.881428571428593,1.287890476190455,NaN,NaN,43.97214610684039,45.96768072873647
2020-04-27T09:30:00-04:00,49.14,50.96,48.09,49.58,14613584,22691514.3,NaN,NaN,NaN,NaN,NaN,NaN,NaN,NaN,NaN,NaN,NaN,0.9801773353099534,27.746253557134914,25,-2214310.454581378,87.66754798462759,25,75,NaN,49.940750338130556,46.343668977816826,NaN,NaN,-3.259047619047635,1.5705095238095055,NaN,NaN,39.999667938252145,45.171945690005224
2020-05-04T09:30:00-04:00,49.27,51.93,49,51.86,16317409,22714936.15,NaN,NaN,NaN,NaN,NaN,NaN,NaN,NaN,NaN,NaN,NaN,0.9952546412220723,26.073478133544327,25,-958535.2672050521,93.8337739923138,25,75,NaN,53.71874628761131,45.74527125126609,NaN,NaN,-1.30523809523811,1.6314476190476057,NaN,NaN,46.94961011314562,45.40896761309061
2020-05-11T09:30:00-04:00,51.54,52.25,49.0575,51.25,27573697,23684866.75,NaN,NaN,NaN,NaN,NaN,NaN,NaN,NaN,NaN,NaN,NaN,1.0810708622404872,24.394756552886086,25,268560.0598343238,96.9168869961569,25,75,NaN,53.15357723132101,44.78908103571981,NaN,NaN,-1.979523809523819,1.7191714285714212,NaN,NaN,45.145120181708094,45.37378795557294
2020-05-18T09:30:00-04:00,51.82,54.18,51.67,53.71,20799712,24079455.5,NaN,NaN,NaN,NaN,NaN,NaN,NaN,NaN,NaN,NaN,NaN,1.0415045032435102,23.190646208214382,25,1088609.0789342374,98.45844349807845,25,75,NaN,58.44201778103603,43.95352672262029,NaN,NaN,0.4776190476190294,0.8938142857142637,NaN,NaN,47.85295967604493,45.70434418496921
2020-05-26T09:30:00-04:00,54.74,54.79,52.895,54.02,19785690,24389793.85,NaN,NaN,NaN,NaN,NaN,NaN,NaN,NaN,NaN,NaN,NaN,1.0527699824552315,22.286897589273288,25,825143.6152694412,99.22922174903923,25,75,NaN,59.71273599509544,43.29737287036852,NaN,NaN,0.9833333333333272,-0.024042857142873686,NaN,NaN,47.71215553346289,45.972052364768366
2020-06-01T09:30:00-04:00,53.89,55.9,53.79,55.51,18631076,24519556.25,NaN,NaN,NaN,NaN,NaN,NaN,NaN,NaN,NaN,NaN,NaN,1.003120493373778,21.82982335770096,25,805222.2335945144,99.61461087451961,25,75,NaN,62.23768037315746,44.58209717336895,NaN,NaN,2.954285714285696,-0.0014285714285904305,NaN,NaN,48.10516622716492,46.25646754642124
2020-06-08T09:30:00-04:00,55.52,56.8,53.11,54.12,19016685,24826076.25,NaN,NaN,NaN,NaN,NaN,NaN,NaN,NaN,NaN,NaN,NaN,0.9129081065517789,21.703538095363037,25,677700.6536156386,99.8073054372598,25,75,NaN,60.15271539713828,45.93112314523951,NaN,NaN,1.954285714285703,1.3483333333333292,NaN,NaN,40.57512826455266,45.4989556421721
2020-06-15T09:30:00-04:00,53.33,56.36,53.24,55.54,20508391,24600587,NaN,NaN,NaN,NaN,NaN,NaN,NaN,NaN,NaN,NaN,NaN,0.9254042294240135,21.586273208906395,25,595990.8244086467,99.9036527186299,25,75,NaN,61.524527307968874,48.15756748603558,NaN,NaN,3.82095238095237,0.6576190476190362,NaN,NaN,47.503977902878994,45.76629194359968
2020-06-22T09:30:00-04:00,55.38,56.48,52.37,52.47,25649811,24989169.75,NaN,NaN,NaN,56.8,NaN,56.8,NaN,NaN,NaN,NaN,NaN,0.9280887621157542,21.02542374778292,25,536850.8404230308,49.95182635931495,25,75,NaN,55.88226559452978,50.46857121217528,NaN,NaN,1.0090476190476068,1.519523809523804,NaN,NaN,47.1180995009401,45.94653295124507
2020-06-29T09:30:00-04:00,52.18,55.97,51.925,55.2,13733617,25039485.9,NaN,NaN,NaN,NaN,NaN,NaN,NaN,NaN,NaN,NaN,NaN,0.8518816825251236,20.275450712198,25,365895.0478478782,51.06097655586527,25,75,NaN,58.55836406037025,52.56464879963129,NaN,NaN,3.9119047619047578,1.3497619047618983,NaN,NaN,46.29796048729468,45.993389956051686
2020-07-06T09:30:00-04:00,55.82,57.74,55.65,57.7,13461064,25056480.6,NaN,NaN,NaN,NaN,NaN,NaN,NaN,NaN,NaN,NaN,NaN,0.8074681516909259,20.26808688148986,25,244179.06179298647,64.65808334224424,25,75,NaN,64.0320174947958,54.950833787730645,NaN,NaN,6.597619047619034,-0.6938095238095343,NaN,NaN,47.426125785526345,46.18442139998164
2020-07-13T09:30:00-04:00,58.16,58.415,55.725,57.41,13909331,23159449.1,NaN,NaN,NaN,NaN,51.925,NaN,51.925,NaN,NaN,NaN,NaN,0.8447173020138078,20.503016987243246,25,107192.00080694631,77.97790257948571,25,75,NaN,64.11469895939604,56.63532885493545,NaN,NaN,6.4590476190476025,-0.15761904761906465,NaN,NaN,54.01416443556042,47.22838713805881
2020-07-20T09:30:00-04:00,57.31,58.53,56.26,56.85,11525131,22203915.1,NaN,NaN,NaN,NaN,NaN,NaN,NaN,NaN,NaN,NaN,NaN,0.8927721067720883,20.76331619398574,25,9641.492529761046,88.98895128974286,25,75,NaN,63.678865049859986,57.94508477166098,NaN,NaN,5.932380952380946,-0.6780952380952527,NaN,NaN,53.48008482103574,48.0619468291224
2020-07-27T09:30:00-04:00,57.06,58.38,56.35,58.13,10039043,20999887.85,NaN,NaN,NaN,58.415,NaN,58.415,NaN,NaN,NaN,NaN,NaN,0.9243009334614489,21.00502260024663,25,-62684.69114015624,94.49447564487143,25,75,NaN,65.04018246648698,59.29922459549272,NaN,NaN,7.339999999999996,-1.0113095238095369,NaN,NaN,60.065342887257884,49.66239963687379
2020-08-03T09:30:00-04:00,58.28,60.88,57.7582,59.93,11842163,17777374.9,NaN,NaN,NaN,NaN,NaN,NaN,NaN,NaN,NaN,NaN,NaN,0.9554607547180707,22.11215838042117,25,137156.06248827465,97.24723782243572,25,75,NaN,68.81988956706111,60.64773454041632,NaN,NaN,9.158095238095228,-0.009747619047615785,NaN,NaN,60.457897511612444,51.10179935350561
2020-08-10T09:30:00-04:00,59.91,60.46,58.72,59.83,16530281,16855273.4,NaN,NaN,NaN,NaN,56.35,NaN,56.35,NaN,NaN,NaN,NaN,0.9346593743653426,23.140213033440386,25,267454.1752771083,98.62361891121786,25,75,NaN,68.9842857332973,61.738130215108185,NaN,NaN,9.052857142857135,-1.4394047619047683,NaN,NaN,63.63320383503544,52.772653284376254
2020-08-17T09:30:00-04:00,60.06,61.09,59.69,60.75,14610071,16541128.1,NaN,NaN,NaN,60.88,NaN,60.88,NaN,NaN,NaN,NaN,NaN,0.991039857236811,24.30096806993622,25,263502.39641099237,99.31180945560894,25,75,NaN,70.66089537682481,62.98865293978703,NaN,NaN,9.956190476190471,-1.7851190476190482,NaN,NaN,64.58528423798458,54.34767074485737
2020-08-24T09:30:00-04:00,61.19,64.26,61.1132,63.56,17587910,16776823.85,NaN,NaN,NaN,NaN,NaN,NaN,NaN,NaN,NaN,NaN,NaN,0.9207392908885771,26.23433514284211,25,379247.3082146477,99.65590472780447,25,75,NaN,74.9845124385377,64.17025970103715,NaN,NaN,12.888095238095232,-0.14189047619048267,NaN,NaN,69.69835468409293,56.39442860342211
2020-08-31T09:30:00-04:00,63.5,65.34,60.17,61.78,29330010,17445628.75,NaN,NaN,NaN,NaN,NaN,NaN,NaN,NaN,NaN,NaN,NaN,0.9701805415869632,28.2644401725818,25,317189.255685281,99.82795236390223,25,75,NaN,71.19730543359337,64.99058608950128,NaN,NaN,11.115238095238084,1.8029761904761727,NaN,NaN,61.166575998466946,57.03071492276142
2020-09-08T09:30:00-04:00,60.26,61.7,59.12,59.78,23470849,17946776.25,NaN,NaN,NaN,NaN,NaN,NaN,NaN,NaN,NaN,NaN,NaN,0.9918044414674586,29.41931003776083,25,238259.99312258326,49.913976181951114,25,75,NaN,62.559333800683504,65.01356133432456,NaN,NaN,9.183809523809515,-0.888928571428572,NaN,NaN,52.599174848647635,56.439842912879584
2020-09-14T09:30:00-04:00,60.43,61.56,57.96,58.74,16900296,18061111.85,NaN,NaN,NaN,65.34,NaN,65.34,NaN,NaN,NaN,NaN,NaN,0.9550570270134818,29.73949149080003,25,139579.0086528808,24.956988090975557,25,75,NaN,59.53385689331637,64.96935715548014,NaN,NaN,8.175238095238093,0.020357142857129418,NaN,NaN,44.927750959254396,54.90489731906289
2020-09-21T09:30:00-04:00,57.68,59.29,57.065,58.52,18888812,18189682,NaN,NaN,NaN,NaN,NaN,NaN,NaN,NaN,NaN,NaN,NaN,1.0248648627720773,29.49046821346279,25,33787.99964326061,12.478494045487778,25,75,NaN,56.40085493397278,64.60338055733756,NaN,NaN,7.919047619047618,-1.387738095238106,NaN,NaN,46.39811586099146,53.770659791320035
2020-09-28T09:30:00-04:00,59.4,60.385,58.82,59.06,19003269,17761160.6,NaN,NaN,NaN,NaN,NaN,NaN,NaN,NaN,NaN,NaN,NaN,1.0457376567299694,29.627935580787597,25,-108997.6947990898,6.239247022743889,25,75,NaN,58.93779869433624,64.82163292160945,NaN,NaN,8.397619047619038,-2.09059523809524,NaN,NaN,39.469866155392694,51.863887306529726
2020-10-05T09:30:00-04:00,59.43,60.41,58.65,60.33,9574665,17199908.25,NaN,NaN,NaN,NaN,57.065,NaN,57.065,NaN,NaN,NaN,57.065,0.9857656493605205,29.64700500620685,25,-351042.68658643216,3.1196235113719446,25,75,NaN,60.44821479943996,64.95662226011443,NaN,NaN,9.377619047619035,-1.7303571428571516,NaN,NaN,42.48031691965815,50.61274458828018
2020-10-12T09:30:00-04:00,61.22,62.58,60.25,60.78,13149187,16868083.1,NaN,NaN,NaN,NaN,NaN,NaN,NaN,NaN,NaN,NaN,NaN,0.9794586734930895,30.3517146574604,25,-412981.70604820177,1.5598117556859723,25,75,NaN,63.284196735377996,64.90320649158458,NaN,NaN,9.431904761904768,-1.0384523809523785,NaN,NaN,38.02846730678563,48.93484095074757
2020-10-19T09:30:00-04:00,61,62.13,59.465,62.11,15280254,16700542,NaN,NaN,NaN,NaN,NaN,NaN,NaN,NaN,NaN,NaN,NaN,1.0192160993974655,30.500490722159707,25,-328751.23768600635,29.323792437502178,25,75,NaN,64.129395269687,64.90425622803394,NaN,NaN,10.107619047619039,-0.47877619047618936,NaN,NaN,42.45407402013961,48.070738693333176
2020-10-26T09:30:00-04:00,61.57,61.86,58.57,59.2,15183923,16508903.9,NaN,NaN,NaN,62.58,NaN,62.58,NaN,NaN,NaN,NaN,NaN,1.096294720029929,30.083906549011445,25,-220479.09384342656,33.40586559032917,25,75,NaN,57.18086931251126,64.44011367536618,NaN,NaN,6.263809523809513,0.3019380952380999,NaN,NaN,37.89645651609856,46.71416773636856
2020-11-02T09:30:00-05:00,59.63,64.29,58.6814,63.7,20727713,16519870,NaN,NaN,NaN,NaN,NaN,NaN,NaN,NaN,NaN,NaN,NaN,1.0074660088918184,30.484665692726416,25,85976.03621531278,66.70293279516459,25,75,NaN,64.1020736026824,64.3731058993801,NaN,NaN,9.907142857142844,2.82530000000002,NaN,NaN,44.30839349370224,46.393397837346384
2020-11-09T09:30:00-05:00,64.66,64.85,61.86,64.11,32676188,16871188.85,NaN,NaN,NaN,NaN,NaN,NaN,NaN,NaN,NaN,NaN,NaN,0.9641573480156768,31.017804053000724,25,295087.7445873562,83.3514663975823,25,75,NaN,66.41144020817927,64.20107380231711,NaN,NaN,9.297619047619037,0.22090000000001453,NaN,NaN,44.46080287331888,46.13571850880938
2020-11-16T09:30:00-05:00,64.13,64.6,63.28,63.88,15992592,16984137.6,NaN,NaN,NaN,NaN,58.6814,NaN,58.6814,NaN,NaN,NaN,58.6814,0.9297559837099021,31.512861101826868,25,390077.5485023465,91.67573319879115,25,75,NaN,66.77000311922035,64.04291075845448,NaN,NaN,8.343333333333327,-1.5248142857142923,NaN,NaN,48.703745250565355,46.47812207437685
2020-11-23T09:30:00-05:00,64.11,65.84,63.28,65.63,7294574,16675813.1,NaN,NaN,NaN,NaN,NaN,NaN,NaN,NaN,NaN,NaN,NaN,0.8952315945688917,32.33858352521597,25,452641.50236828066,95.83786659939557,25,75,NaN,69.13861585071677,63.934176506589615,NaN,NaN,9.551904761904744,-0.2629095238095118,NaN,NaN,49.74482852011211,46.91368293380822
2020-11-30T09:30:00-05:00,65.48,67.46,64.72,66.98,14013675,16681030.3,NaN,NaN,NaN,NaN,NaN,NaN,NaN,NaN,NaN,NaN,NaN,1.009873840585161,33.528597849705314,25,471620.69410287216,97.91893329969778,25,75,NaN,71.77176970662426,63.704694882881505,NaN,NaN,10.421904761904756,-0.13195714285713933,NaN,NaN,48.22645521871899,47.088719238462986
2020-12-07T09:30:00-05:00,66.92,67.81,65.5,66.94,14145264,16812036.95,NaN,NaN,NaN,NaN,NaN,NaN,NaN,NaN,NaN,NaN,NaN,1.045657423195481,34.71975540048499,25,626139.3073778879,98.95946664984889,25,75,NaN,72.23680064346867,63.778944540729746,NaN,NaN,9.956190476190457,-0.5312428571428569,NaN,NaN,48.19582039524242,47.236332726033574
2020-12-14T09:30:00-05:00,67.12,67.615,66.41,67.11,14311929,17025681.25,NaN,NaN,NaN,67.46,NaN,67.46,NaN,NaN,NaN,NaN,NaN,1.2660401598045399,35.825830269066124,25,541072.232748406,99.47973332492444,25,75,NaN,72.72303108657383,64.50492291829335,NaN,NaN,9.783333333333317,-1.571242857142856,NaN,NaN,51.71013054382229,47.832839101738735
2020-12-21T09:30:00-05:00,66.21,66.65,65.41,66.26,9081402,16887643.2,NaN,NaN,NaN,NaN,NaN,NaN,NaN,NaN,NaN,NaN,NaN,1.260897396162983,36.07330569969907,25,423091.95755358227,54.59696249850132,25,75,NaN,68.2511638699794,65.1275877023407,NaN,NaN,8.50095238095237,-1.4680285714285475,NaN,NaN,49.552018921564986,48.06206307771557
2020-12-28T09:30:00-05:00,66.8,67.73,66.5901,67.48,8734633,16497860.8,NaN,NaN,NaN,NaN,NaN,NaN,NaN,NaN,NaN,NaN,NaN,1.253682360515974,36.64102542816808,25,358832.3519724589,27.29848124925066,25,75,NaN,70.73637269557466,66.15155325674083,NaN,NaN,9.384285714285696,-1.5595571428571446,NaN,NaN,50.539372244552624,48.392370966627176
2021-01-04T09:30:00-05:00,67.75,67.79,65.48,67.49,17741696,16654442.05,NaN,NaN,NaN,NaN,NaN,NaN,NaN,NaN,NaN,NaN,NaN,1.1994199875583882,36.35128268659466,25,190301.81427977048,13.64924062462533,25,75,NaN,69.45320231816909,66.90265351558604,NaN,NaN,9.0090476190476,-0.42612380952380846,NaN,NaN,53.23233455634046,49.03769944525561
2021-01-11T09:30:00-05:00,66.51,66.89,64.785,65.29,27577486,17153920.85,NaN,NaN,NaN,NaN,NaN,NaN,NaN,NaN,NaN,NaN,NaN,1.1096048970604266,35.60095666556127,25,71356.35090290196,6.824620312312665,25,75,NaN,62.362935586473434,67.03941928608843,NaN,NaN,6.633333333333319,-0.6873142857142724,NaN,NaN,47.08272927845739,48.77703675634918
2021-01-19T09:30:00-05:00,65.74,69.2001,65.32,68.84,13419814,16358411.05,NaN,NaN,NaN,NaN,NaN,NaN,NaN,NaN,NaN,NaN,NaN,1.0984421343941753,35.71945434161484,25,23495.422084925696,3.4123101561563325,25,75,NaN,68.16835987019104,67.38828808143222,NaN,NaN,9.727142857142844,0.9964238095238187,NaN,NaN,48.68291897592421,48.76448771895919
2021-01-25T09:30:00-05:00,69.29,70.3,66.44,66.88,26074252,16488581.2,NaN,NaN,NaN,NaN,64.785,NaN,64.785,NaN,NaN,NaN,NaN,1.0319670261975757,36.157290452610944,25,-85652.80804420635,1.7061550780781662,25,75,NaN,66.28605320391034,67.54233507673389,NaN,NaN,7.359047619047615,0.9825142857142879,NaN,NaN,46.382707764500545,48.446917058364704
2021-02-01T09:30:00-05:00,67.47,71.5,66.94,71.41,12483040,16267718.4,NaN,NaN,NaN,NaN,NaN,NaN,NaN,NaN,NaN,NaN,NaN,0.996807447434404,36.89257486473066,25,-99279.17848479003,32.40069272438663,25,75,NaN,71.62614132690302,68.57414022061901,NaN,NaN,11.345714285714273,1.8153714285714244,NaN,NaN,54.818862902457205,49.29650983757704
2021-02-08T09:30:00-05:00,71.75,73.0899,71.14,73,17173828,16181969.2,NaN,NaN,NaN,NaN,NaN,NaN,NaN,NaN,NaN,NaN,NaN,0.9833393921232811,37.96342791163834,25,-85391.16081229411,66.20034636219332,25,75,NaN,75.15858446517885,69.36389099651161,NaN,NaN,12.43904761904762,-0.7240142857142828,NaN,NaN,61.46375428059995,50.91880909664676
2021-02-16T09:30:00-05:00,73,73.845,72.3799,72.48,8493273,15656469.4,NaN,NaN,NaN,NaN,NaN,NaN,NaN,NaN,NaN,NaN,NaN,0.9281009967452777,39.12734767362847,25,-76819.42020294257,83.10017318109666,25,75,NaN,75.50818985248016,70.01365882824739,NaN,NaN,11.477142857142866,-1.2397666666666751,NaN,NaN,54.59505012022155,51.408974566456735
2021-02-22T09:30:00-05:00,71.79,73.4501,70.5,71.57,21681604,16261816.35,NaN,NaN,NaN,73.0899,NaN,73.0899,NaN,73.0899,NaN,NaN,NaN,0.8970279454679393,38.92094474051441,25,67065.01058316603,91.55008659054833,25,75,NaN,70.90068088559292,70.30870724013114,NaN,NaN,10.11333333333333,0.26332857142858046,NaN,NaN,56.46790551378167,52.083498692766725
2021-03-01T09:30:00-05:00,72.52,73.87,70.81,73.37,34085550,17308634.5,NaN,NaN,NaN,NaN,NaN,NaN,NaN,NaN,NaN,NaN,NaN,0.8718741751168472,38.85376978462761,25,134985.57003594283,95.77504329527417,25,75,NaN,72.7913233358102,70.56961491763782,NaN,NaN,11.424761904761915,0.42394285714285473,NaN,NaN,55.089216676678184,52.48426109062159
2021-03-08T09:30:00-05:00,73.43,75.355,72.34,74.69,29158343,18002538.95,NaN,NaN,NaN,NaN,NaN,NaN,NaN,NaN,NaN,NaN,NaN,0.9105754504187233,39.209067929358156,25,377691.36567740235,97.88752164763709,25,75,NaN,75.06954611186427,70.80517037515496,NaN,NaN,12.357619047619046,0.4165619047618989,NaN,NaN,60.010042366301754,53.48769859404561
2021-03-15T09:30:00-04:00,74.88,76.6,74.54,75.41,26532459,18569965.75,NaN,NaN,NaN,NaN,70.81,NaN,70.81,NaN,NaN,NaN,NaN,0.9232298712054261,39.85374618434616,25,496791.84578463156,98.94376082381854,25,75,NaN,76.87115054216059,71.13619536791866,NaN,NaN,12.718095238095238,-0.44406190476192364,NaN,NaN,53.490257436573124,53.48803977304928
2021-03-22T09:30:00-04:00,75.49,76.42,71.02,72.29,21834982,18625329.2,NaN,NaN,NaN,NaN,NaN,NaN,NaN,NaN,NaN,NaN,NaN,0.9580644423838738,38.41090839032237,25,402038.9138743002,49.47188041190927,25,75,NaN,66.36225885956124,70.68185449456062,NaN,NaN,9.233333333333348,2.8687952380952453,NaN,NaN,53.90359067373033,53.54344655980675
2021-03-29T09:30:00-04:00,72.27,74.63,72.04,74.58,15341651,17758602.35,NaN,NaN,NaN,76.6,NaN,76.6,NaN,76.6,NaN,NaN,NaN,0.9606835092340734,37.07113043872886,25,422736.0880261678,24.735940205954634,25,75,NaN,68.15907047568135,70.67527639496791,NaN,NaN,11.307142857142857,0.02522380952378711,NaN,NaN,54.75476688960237,53.704955937112835
2021-04-05T09:30:00-04:00,74.94,77.39,74.94,76.92,14057080,17661826.75,NaN,NaN,NaN,NaN,71.02,NaN,71.02,NaN,NaN,NaN,71.02,0.9821491359070803,36.68316778318452,25,443967.94436031114,20.729123046332848,25,75,NaN,72.45878022586521,70.79830550427438,NaN,NaN,13.395714285714291,-0.14969523809524787,NaN,NaN,55.330349360783615,53.92167506026894
2021-04-12T09:30:00-04:00,76.7,77.16,75.76,76.84,16966478,18145421.95,NaN,NaN,NaN,NaN,NaN,NaN,NaN,NaN,NaN,NaN,NaN,1.0251434695253312,36.32291674589335,25,405698.687852866,34.438632005710474,25,75,NaN,72.62433839926828,71.02481522435289,NaN,NaN,13.072857142857153,-1.1373142857142895,NaN,NaN,58.56261755531983,54.54046739294239
2021-04-19T09:30:00-04:00,76.64,77.06,75.09,76.45,20032552,18446365.8,NaN,NaN,NaN,NaN,NaN,NaN,NaN,NaN,NaN,NaN,NaN,0.9871048129785238,35.60941147631731,25,311458.67807471845,67.21931600285524,25,75,NaN,70.96826504509272,71.63948161425427,NaN,NaN,12.129047619047626,-0.6615999999999929,NaN,NaN,55.45844423609146,54.66286430536226
2021-04-26T09:30:00-04:00,76.61,79.22,76.21,78.05,19443202,18711262.7,NaN,NaN,NaN,NaN,NaN,NaN,NaN,NaN,NaN,NaN,NaN,0.9537376147390912,35.59280499797141,25,195668.61272323225,83.60965800142762,25,75,NaN,73.67131764278903,72.0325500265827,NaN,NaN,13.049999999999997,0.45697619047620464,NaN,NaN,52.63962402361851,54.3930989344631
2021-05-03T09:30:00-04:00,78.36,78.645,75.81,78.28,23497546,19170543.55,NaN,NaN,NaN,NaN,NaN,NaN,NaN,NaN,NaN,NaN,NaN,0.9592731804903898,35.346310408019335,25,207839.2170947455,91.80482900071381,25,75,NaN,73.08887962197798,72.51846619930181,NaN,NaN,12.615238095238112,0.318161904761908,NaN,NaN,55.469291670961255,54.536591299329515
2021-05-10T09:30:00-04:00,77.89,77.92,74.84,77.09,30279559,20230451.4,NaN,NaN,NaN,79.22,NaN,79.22,NaN,79.22,NaN,NaN,NaN,0.9470013744088867,34.56298444672158,25,194049.95972208958,45.902414500356905,25,75,NaN,68.47577500607693,72.29344003352853,NaN,NaN,10.829523809523806,0.4972047619047686,NaN,NaN,57.13398832824839,54.88291090318537
2021-05-17T09:30:00-04:00,77.07,77.5,74.54,76.86,18337815,20710610.5,NaN,NaN,NaN,NaN,NaN,NaN,NaN,NaN,NaN,NaN,NaN,0.89673534592456,33.66512711371614,25,155563.60407807212,22.951207250178452,25,75,NaN,67.15401364751207,71.72168497512375,NaN,NaN,9.978571428571428,0.3153000000000077,NaN,NaN,58.23866923017823,55.33034534678442
2021-05-24T09:30:00-04:00,77.44,79.3,77.29,78.79,18040753,20725563.35,NaN,NaN,NaN,NaN,NaN,NaN,NaN,NaN,NaN,NaN,NaN,0.9008349810991957,33.446066938050265,25,175796.03161178995,11.475603625089226,25,75,NaN,71.39236301672224,71.42769734399819,NaN,NaN,11.246190476190478,-0.6673190476190456,NaN,NaN,57.67826566381421,55.64340138905506
2021-06-01T09:30:00-04:00,79.08,79.3,77.59,79.19,11228978,19908137.95,NaN,NaN,NaN,NaN,74.54,NaN,74.54,NaN,NaN,NaN,74.54,0.8755977754024282,33.2426539177891,25,126435.07364000008,5.737801812544613,25,75,NaN,71.90305023998569,71.49929515502625,NaN,NaN,11.01285714285713,-0.9385095238095147,NaN,NaN,58.49737204594827,56.02393080997415
2021-06-07T09:30:00-04:00,79.06,79.86,78.98,79.81,18013900,20137842.25,NaN,NaN,NaN,NaN,NaN,NaN,NaN,NaN,NaN,NaN,NaN,0.9304460029404212,33.24353203431276,25,67255.52841277327,2.8689009062723065,25,75,NaN,73.38677451188832,71.54182738188896,NaN,NaN,11.009523809523799,-1.8689857142857278,NaN,NaN,66.08285410294627,57.36512058237044
2021-06-14T09:30:00-04:00,79.87,80.55,78.46,78.58,21262276,19897243.45,NaN,NaN,NaN,NaN,NaN,NaN,NaN,NaN,NaN,NaN,NaN,1.0353784326876776,33.47480207612868,25,18794.80325542204,1.4344504531361533,25,75,NaN,70.50829131122808,71.2160234675578,NaN,NaN,9.261428571428553,-0.5152428571428658,NaN,NaN,53.38595020299104,56.83456453178652
2021-06-21T09:30:00-04:00,78.62,80.74,78.28,80.65,21908184,20368500.65,NaN,NaN,NaN,NaN,NaN,NaN,NaN,NaN,NaN,NaN,NaN,0.9424386345528641,33.75367022714708,25,83761.53389193211,21.260907767797057,25,75,NaN,72.60534268059439,70.91132290601738,NaN,NaN,10.72142857142856,-0.11952857142857454,NaN,NaN,61.374805384979695,57.43992997887894
2021-06-28T09:30:00-04:00,80.84,82.255,80.589,82.14,19935875,20506603,NaN,NaN,NaN,NaN,NaN,NaN,NaN,NaN,NaN,NaN,NaN,1.055471759002519,34.49667623902154,25,172233.545500936,60.63045388389853,25,75,NaN,75.66105068335894,71.57552232200293,NaN,NaN,11.594285714285718,-0.9173380952380938,NaN,NaN,60.724441404249205,57.87786483559498
2021-07-06T09:30:00-04:00,82.28,82.386,80.52,81.64,15632612,20863569.95,NaN,NaN,NaN,NaN,78.28,NaN,78.28,NaN,NaN,NaN,NaN,1.2234582683253181,35.22640675236807,25,219551.45712269656,80.31522694194926,25,75,NaN,74.42848973756416,72.02333798356598,NaN,NaN,10.579047619047614,-0.6892428571428582,NaN,NaN,56.12844357298364,57.6446086672468
2021-07-12T09:30:00-04:00,81.81,82.645,80.76,80.86,19017238,20730351.65,NaN,NaN,NaN,82.255,NaN,82.255,NaN,NaN,NaN,NaN,NaN,1.2191434206169758,35.986157111881305,25,252179.61607101,64.47537341622882,25,75,NaN,72.98025604645647,72.06058625646536,NaN,NaN,9.27190476190475,-0.6831000000000245,NaN,NaN,55.93158278710892,57.41620521656175
2021-07-19T09:30:00-04:00,80.21,83.729,79.26,83.5,19749329,20013540.6,NaN,NaN,NaN,NaN,NaN,NaN,NaN,NaN,NaN,NaN,NaN,1.271049514750579,35.495190883308744,25,258257.74311936926,78.22043117326305,25,75,NaN,75.34839661356209,72.25516184320063,NaN,NaN,11.371904761904759,1.8758999999999872,NaN,NaN,61.510295168518084,57.9620838768226
2021-07-26T09:30:00-04:00,83.4,84.18,82.03,82.4,23633724,19737309.65,NaN,NaN,NaN,NaN,NaN,NaN,NaN,NaN,NaN,NaN,NaN,1.215447657456097,35.22081704129258,25,292722.86224537436,57.37694827449155,25,75,NaN,75.82732201736192,72.60223734121986,NaN,NaN,9.796666666666667,-0.5323857142857094,NaN,NaN,53.27508392446903,57.33715054984212
2021-08-02T09:30:00-04:00,82.75,83.05,80.91,82.82,17739113,19297642.35,NaN,NaN,NaN,83.729,79.26,83.729,79.26,83.729,NaN,NaN,79.26,1.2223955942356257,34.1433031548113,25,282330.8804910723,28.688474137245777,25,75,NaN,73.69792797834482,72.60413807947384,NaN,NaN,9.711904761904748,-0.6242904761904668,NaN,NaN,54.3941236880613,56.944746968271346
2021-08-09T09:30:00-04:00,82.81,83.45,82.39,83.19,15493406,18980563.55,NaN,NaN,NaN,NaN,NaN,NaN,NaN,NaN,NaN,NaN,NaN,1.1641707310447773,33.32846402506552,25,220868.56305623613,14.344237068622888,25,75,NaN,75.09733181283237,72.74759895024916,NaN,NaN,9.543333333333322,-1.7457238095238097,NaN,NaN,57.607771643171496,57.03315025825803
2021-08-16T09:30:00-04:00,82.9,83.3499,81.42,82.73,21019482,19264455.1,NaN,NaN,NaN,NaN,NaN,NaN,NaN,NaN,NaN,NaN,NaN,1.1951318117545193,31.88489961792663,25,181621.04322564416,7.172118534311444,25,75,NaN,71.96524219442885,72.99684660656001,NaN,NaN,8.526190476190465,-0.8472523809523693,NaN,NaN,61.50634176087142,57.62957579193982
2021-08-23T09:30:00-04:00,82.84,84.86,82.84,84.72,16746986,19398950.4,NaN,NaN,NaN,NaN,NaN,NaN,NaN,NaN,NaN,NaN,NaN,1.1090737696639918,31.265028063260797,25,166742.8113151621,12.761018438870957,25,75,NaN,75.74756912174884,73.61067199757692,NaN,NaN,9.8247619047619,-0.6988190476190539,NaN,NaN,60.82730837372505,58.05594013617785
2021-08-30T09:30:00-04:00,84.7,86.355,84.415,85.47,18577774,19479515.2,NaN,NaN,NaN,NaN,81.42,NaN,81.42,NaN,NaN,NaN,NaN,1.114385109883111,31.293676819333022,25,113074.560459923,56.380509219435474,25,75,NaN,77.87368931972041,74.0736238763625,NaN,NaN,10.11095238095237,-0.693576190476179,NaN,NaN,57.230056248972225,57.94582228455044
2021-09-07T09:30:00-04:00,85.47,85.83,84.215,84.26,17143890,19335082.1,NaN,NaN,NaN,NaN,NaN,NaN,NaN,NaN,NaN,NaN,NaN,1.0557245109789517,31.173353461601895,25,131947.61478954647,48.92380031968357,25,75,NaN,73.12280440747634,74.16074917404042,NaN,NaN,8.245238095238093,-0.9519095238095048,NaN,NaN,48.53532221634874,56.69108894212354
2021-09-13T09:30:00-04:00,84.82,84.89,82.784,83.14,29583179,19842080.95,NaN,NaN,NaN,86.355,NaN,86.355,NaN,NaN,NaN,NaN,NaN,0.9989634792526868,30.066930680546022,25,100020.18295640685,30.56221872479054,25,75,NaN,66.69805645557847,73.6829835985897,NaN,NaN,6.6142857142857,-0.3230999999999824,NaN,NaN,43.54079743864666,54.93771674165996
2021-09-20T09:30:00-04:00,81.92,82.605,80.31,82.45,30619706,20198188.95,NaN,NaN,NaN,NaN,NaN,NaN,NaN,NaN,NaN,NaN,NaN,1.118564293234062,28.176486484438623,25,21445.85040758364,15.28110936239527,25,75,NaN,59.235730752764276,72.87780070155658,NaN,NaN,5.512857142857143,-0.1301047619047324,NaN,NaN,47.14910312808772,53.899234926516996
2021-09-27T09:30:00-04:00,82.01,82.68,80.1,81.46,35989436,20483682.8,NaN,NaN,NaN,NaN,NaN,NaN,NaN,NaN,NaN,NaN,NaN,1.0315388824730036,26.52442422882526,25,-2086.6192894475535,7.640554681197635,25,75,NaN,56.87482569877277,71.75419234571217,NaN,NaN,4.123809523809527,0.13490000000003022,NaN,NaN,43.91088513685245,52.567454954561725
2021-10-04T09:30:00-04:00,80.9,82.145,79.081,80.98,26361797,20884881.9,NaN,NaN,NaN,NaN,NaN,NaN,NaN,NaN,NaN,NaN,NaN,0.9732471722798154,25.48364171843887,25,-134248.15425927937,3.8202773405988175,25,75,NaN,54.1139697280539,70.21511513461896,NaN,NaN,3.075714285714284,0.5465714285714256,NaN,NaN,42.890008938781534,51.277128819124364
2021-10-11T09:30:00-04:00,80.64,80.95,78.74,80.32,22989573,21132322.9,NaN,NaN,NaN,NaN,NaN,NaN,NaN,NaN,NaN,NaN,NaN,1.0049422410529303,24.677829882388753,25,-297269.70515780896,1.9101386702994088,25,75,NaN,51.08038949764629,68.54739368891053,NaN,NaN,1.9857142857142804,-0.26409523809523705,NaN,NaN,42.23259683665315,50.07119122146153
2021-10-18T09:30:00-04:00,80.22,82.16,79.98,80.38,14182417,21279994.85,NaN,NaN,NaN,NaN,NaN,NaN,NaN,NaN,NaN,NaN,NaN,1.0213901638000045,23.204209178045513,25,-412212.2014853731,0.9550693351497044,25,75,NaN,53.601047198347416,67.16316448547417,NaN,NaN,1.6585714285714346,-0.2524285714285668,NaN,NaN,37.21179597408624,48.35660518847816
2021-10-25T09:30:00-04:00,80.14,81.17,79.35,80.3,22064251,21482512.4,NaN,NaN,NaN,NaN,78.74,NaN,78.74,NaN,NaN,NaN,NaN,1.0209013559604747,22.16134591169185,25,-474703.89560737833,0.4775346675748522,25,75,NaN,51.61724984260447,65.46808257326292,NaN,NaN,1.2080952380952397,-0.5648095238095152,NaN,NaN,34.01092913028515,46.443848380719096
2021-11-01T09:30:00-04:00,80.58,82.35,79.76,81.7,20460225,21442409.85,NaN,NaN,NaN,NaN,NaN,NaN,NaN,NaN,NaN,NaN,NaN,0.9736640661105084,20.64197584316608,25,-430777.59721769765,0.2387673337874261,25,75,NaN,55.94759811577892,64.04810229457841,NaN,NaN,2.1109523809523836,0.37043333333332384,NaN,NaN,32.59396156691227,44.597196805544854
2021-11-08T09:30:00-05:00,82.11,82.11,79.91,81.23,16454262,21169713.75,NaN,NaN,NaN,NaN,NaN,NaN,NaN,NaN,NaN,NaN,NaN,0.9526508210529285,19.231132208106438,25,-304692.93521879334,0.11938366689371305,25,75,NaN,54.710343437933794,62.69184625597762,NaN,NaN,1.1580952380952567,0.007576190476200395,NaN,NaN,40.10427176284937,43.99814013318546
2021-11-15T09:30:00-05:00,81.46,81.91,79.57,79.69,22226311,21284235.55,NaN,NaN,NaN,NaN,NaN,NaN,NaN,NaN,NaN,NaN,NaN,0.9213481217811169,17.99844587447844,25,-205081.43913336098,0.059691833446856524,25,75,NaN,50.484694445177155,60.933800729716545,NaN,NaN,-0.7890476190476079,0.17186190476191143,NaN,NaN,33.37257333382982,42.58139789327137
2021-11-22T09:30:00-05:00,79.8,80,77.11,77.18,18805059,21442857.9,NaN,NaN,NaN,NaN,NaN,NaN,NaN,NaN,NaN,NaN,NaN,0.8787557418662268,18.121923352758028,25,-153051.2776263561,0.029845916723428262,25,75,NaN,41.52530331329204,58.75951938106391,NaN,NaN,-3.6523809523809376,0.7116238095238145,NaN,NaN,28.289027324284007,40.675748484073054
2021-11-29T09:30:00-05:00,78.05,78.2,73.59,74.7,42901000,22637046,NaN,NaN,NaN,NaN,NaN,NaN,NaN,NaN,NaN,NaN,NaN,0.9231882750585746,19.48763780042926,25,-220100.52586008236,0.014922958361714131,25,75,NaN,34.34018941948706,55.80184940233092,NaN,NaN,-6.450952380952373,2.4251476190476495,NaN,NaN,26.561799145233337,38.79388857222776
2021-12-06T09:30:00-05:00,75.12,77.495,74.83,76.7,30094024,23154280.75,NaN,NaN,NaN,NaN,NaN,NaN,NaN,NaN,NaN,NaN,NaN,0.8862004574919695,20.755801216123974,25,-272987.94858352654,0.0074614791808570655,25,75,NaN,39.32766107770935,53.04856167075871,NaN,NaN,-4.660476190476189,0.5141952380952688,NaN,NaN,34.351570722881505,38.201579525648256
2021-12-13T09:30:00-05:00,76.61,77.69,74.9134,76.48,35982265,23771707.8,NaN,NaN,NaN,NaN,73.59,NaN,73.59,NaN,NaN,NaN,NaN,0.96010781224954,21.797859303467,25,-407742.24226498324,0.0037307395904285327,25,75,NaN,39.213356511061114,50.6264582495862,NaN,NaN,-5.031904761904741,0.6379380952381268,NaN,NaN,32.17276714733394,37.397737875206346
2021-12-20T09:30:00-05:00,75.56,78.37,75.08,78.11,15335728,23651538.55,NaN,NaN,NaN,NaN,NaN,NaN,NaN,NaN,NaN,NaN,NaN,0.9902372215470183,22.288348697691244,25,-523667.4059125753,50.00186536979522,25,75,NaN,43.692141398181214,48.983178602629245,NaN,NaN,-3.587142857142851,1.152100000000047,NaN,NaN,40.13599535637942,37.762838872696086
2021-12-27T09:30:00-05:00,78.35,79.545,77.655,77.68,19830701,23868403.3,NaN,NaN,NaN,NaN,NaN,NaN,NaN,NaN,NaN,NaN,NaN,0.9647874192785277,21.970741105931697,25,-575581.4348063394,49.927078983270064,25,75,NaN,46.6701277791644,48.085635533086396,NaN,NaN,-4.181904761904747,-0.21218571428568112,NaN,NaN,34.94783871357346,37.387505518146405
2022-01-03T09:30:00-05:00,77.86,78.73,75.89,76.44,65563607,26095609.55,NaN,NaN,NaN,NaN,NaN,NaN,NaN,NaN,NaN,NaN,NaN,0.9137925877293993,22.378714966059583,25,-600746.6024996033,37.35275893919372,25,75,NaN,42.438113508894155,47.05444180523792,NaN,NaN,-5.49761904761904,0.7297190476190849,NaN,NaN,32.0968436067606,36.68208392996163
2022-01-10T09:30:00-05:00,75.71,77.44,74.23,76.56,34888540,27002687.25,NaN,NaN,NaN,79.545,NaN,79.545,NaN,NaN,NaN,NaN,NaN,0.911478104224589,23.316409484265396,25,-356834.81148093846,24.797135491748666,25,75,NaN,40.32886573974607,46.0697915203588,NaN,NaN,-5.430476190476185,1.0944809523809766,NaN,NaN,32.59361315570972,36.136954493394704
2022-01-18T09:30:00-05:00,76.5,76.83,72.19,72.22,34216289,27784613,NaN,NaN,NaN,NaN,NaN,NaN,NaN,NaN,NaN,NaN,NaN,0.9166394540272215,24.764114223959613,25,-385986.33166217804,12.398567745874333,25,75,NaN,32.954404477934034,44.775078304665065,NaN,NaN,-9.860476190476177,2.443052380952409,NaN,NaN,28.226563970049725,35.082235756948705
2022-01-24T09:30:00-05:00,71.1,72.84,69.48,72.31,56767128,29765774.9,NaN,NaN,NaN,NaN,NaN,NaN,NaN,NaN,NaN,NaN,NaN,0.9139185156342766,26.720751454315135,25,-435358.0182417594,6.199283872937166,25,75,NaN,29.600048963731552,43.060721287906794,NaN,NaN,-9.896666666666661,1.157814285714295,NaN,NaN,31.421887101667735,34.59418926957791
2022-01-31T09:30:00-05:00,72.3,76.57,69.98,71.17,33704209,29971826.4,NaN,NaN,NaN,NaN,NaN,NaN,NaN,NaN,NaN,NaN,NaN,0.9293066734725844,26.53966474482289,25,-633858.6918617506,3.099641936468583,25,75,NaN,31.834804418671837,41.6476894719116,NaN,NaN,-10.990952380952379,4.3935285714285754,NaN,NaN,33.064000599317225,34.39016411354315
2022-02-07T09:30:00-05:00,71.35,72.105,69.06,69.31,31173480,29999515.1,NaN,NaN,NaN,NaN,69.48,NaN,69.48,NaN,NaN,69.48,NaN,0.908205807442134,26.623632196671142,25,-1006330.6831659712,1.5498209682342916,25,75,NaN,27.45278689537598,39.61234581331139,NaN,NaN,-12.614761904761906,0.7902428571428857,NaN,NaN,32.58562657018527,34.1495591077621
2022-02-14T09:30:00-05:00,69.23,70.33,67.21,67.41,29220991,29661092.85,NaN,NaN,NaN,76.57,NaN,76.57,NaN,NaN,NaN,NaN,NaN,0.9650968278347151,27.174484234516388,25,-1177200.971578626,0.7749104841171458,25,75,NaN,24.492059507795048,37.453896961158634,NaN,NaN,-14.184285714285735,0.7345761904762327,NaN,NaN,28.197386216317796,33.35593605556953
2022-02-22T09:30:00-05:00,67.06,68.625,64.03,68.53,33589028,30022454.4,NaN,NaN,NaN,NaN,NaN,NaN,NaN,NaN,NaN,NaN,NaN,0.9941664177666444,28.36591473776644,25,-1330315.5877041314,0.3874552420585729,25,75,NaN,23.51898852024854,35.52777510937801,NaN,NaN,-12.866190476190482,2.1724333333333448,NaN,NaN,33.2392935159275,33.34038371695059
2022-02-28T09:30:00-05:00,67.7,68.87,66.19,66.49,35175754,30631763.45,NaN,NaN,NaN,NaN,NaN,NaN,NaN,NaN,NaN,NaN,NaN,1.0474312230677683,29.350123417969705,25,-1197279.9336918183,0.19372762102928645,25,75,NaN,22.89854684868982,34.197292504763574,NaN,NaN,-14.571904761904776,0.3380238095238184,NaN,NaN,30.637387364594403,32.9799842033031
2022-03-07T09:30:00-05:00,66.39,66.39,63.685,64.37,35423066,31693795.9,NaN,NaN,NaN,NaN,64.03,NaN,64.03,NaN,NaN,64.03,NaN,1.004692698484254,30.742243576782997,25,-1162248.0876301005,0.09686381051464323,25,75,NaN,19.800458411208908,33.15874028988656,NaN,NaN,-16.48761904761905,0.30873809523809825,NaN,NaN,28.45647582748066,32.37684975319344
2022-03-14T09:30:00-04:00,64.36,68.31,63.49,68.23,33623116,32271739.15,NaN,NaN,NaN,NaN,NaN,NaN,NaN,NaN,NaN,NaN,NaN,0.9798288080054132,31.10797672697573,25,-1008898.7195017729,50.04843190525732,25,75,NaN,30.211413253513683,32.50757973101544,NaN,NaN,-12.382857142857162,2.4356428571428594,NaN,NaN,36.8446640808434,32.97255833021344
2022-03-21T09:30:00-04:00,67.78,69.39,66.74,69.18,23920822,32444769,NaN,NaN,NaN,NaN,NaN,NaN,NaN,NaN,NaN,NaN,NaN,0.9637155926597236,30.9607405797656,25,-692083.8057657331,75.02421595262865,25,75,NaN,36.103467484100356,32.28544480051824,NaN,NaN,-11.111428571428576,0.18088095238096003,NaN,NaN,40.58462136105169,33.98750006765854
2022-03-28T09:30:00-04:00,69.1,70.81,68.4,69.29,23317943,32787953.05,NaN,NaN,NaN,NaN,NaN,NaN,NaN,NaN,NaN,NaN,NaN,0.9752763286011341,30.212679371075033,25,-433254.72947412543,87.51210797631433,25,75,NaN,39.03937466802593,31.95310431979286,NaN,NaN,-10.707619047619048,-0.12007619047619755,NaN,NaN,38.26105562492381,34.55730747529391
2022-04-04T09:30:00-04:00,69.72,71.57,67.41,68.08,22418748,32797574.9,NaN,NaN,NaN,NaN,NaN,NaN,NaN,NaN,NaN,NaN,NaN,0.9509188700520501,29.787450859047826,25,-286463.2338054627,93.75605398815716,25,75,NaN,37.547399774939,31.301480890919624,NaN,NaN,-11.322380952380968,1.5051619047619056,NaN,NaN,35.715646497969274,34.71175267831729
2022-04-11T09:30:00-04:00,67.63,68.2629,66.315,66.48,24515961,33083120,NaN,NaN,NaN,NaN,NaN,NaN,NaN,NaN,NaN,NaN,NaN,0.9225343335817071,29.681920764257335,25,-56700.6226537209,96.87802699407858,25,75,NaN,33.582403158997636,30.668930151641298,NaN,NaN,-12.295714285714297,-0.7745571428571338,NaN,NaN,36.06445407656662,34.89211286475053
2022-04-18T09:30:00-04:00,66.44,67.76,61.21,61.32,38377231,32856931.55,NaN,NaN,NaN,71.57,NaN,71.57,NaN,NaN,71.57,NaN,NaN,0.9082247597861961,30.667831055182244,25,81249.86837246642,61.98033689921439,25,75,NaN,27.120381920280664,29.72546702167948,NaN,NaN,-16.832380952380966,3.5906380952380985,NaN,NaN,36.017684693618094,35.04218910859954
2022-04-25T09:30:00-04:00,61.2,62.19,58.43,59.06,61609594,34432710.05,NaN,NaN,NaN,NaN,NaN,NaN,NaN,NaN,NaN,NaN,NaN,0.9266735585159375,32.029091882687375,25,-348321.2028913032,30.990168449607197,25,75,NaN,23.23062690226699,29.030911480560405,NaN,NaN,-18.43380952380953,0.7559238095238143,NaN,NaN,35.528499660868235,35.107030515568695
2022-05-02T09:30:00-04:00,59.18,63.09,58.92,59.37,47646190,35015906.3,NaN,NaN,NaN,NaN,NaN,NaN,NaN,NaN,NaN,NaN,NaN,0.8769900645379936,32.89664197592112,25,-760922.5252530817,15.495084224803598,25,75,NaN,25.03890232616392,28.70511529216272,NaN,NaN,-17.407619047619058,1.1266380952380928,NaN,NaN,31.761548143336682,34.660966199271094
2022-05-09T09:30:00-04:00,58.55,59.32,56.28,59.01,59346614,37216450.6,NaN,NaN,NaN,NaN,58.43,NaN,58.43,NaN,NaN,58.43,NaN,1.0230507939973874,34.1202502356356,25,-1308404.9934439901,7.747542112401799,25,75,NaN,22.971853307030457,28.07204735561691,NaN,NaN,-17.15190476190478,-0.0993142857142928,NaN,NaN,35.87765086327286,34.823190821138
2022-05-16T09:30:00-04:00,58.67,59.95,56.64,58.02,44281575,38438994.3,NaN,NaN,NaN,NaN,NaN,NaN,NaN,NaN,NaN,NaN,NaN,1.026120499256362,34.975320615899136,25,-1953109.8833178729,3.8737710562008996,25,75,NaN,22.691740066333935,27.731972582113904,NaN,NaN,-17.45190476190478,0.18897142857143479,NaN,NaN,32.672821879584404,34.53647496226419
2022-05-23T09:30:00-04:00,58.48,60.24,55.68,60.22,33194287,36820528.3,NaN,NaN,NaN,NaN,NaN,NaN,NaN,NaN,NaN,NaN,NaN,0.9690317249165802,35.928248759757636,25,-2216252.3013285007,20.28275114317426,25,75,NaN,26.336334837939162,27.863706534267056,NaN,NaN,-14.49238095238097,1.415399999999991,NaN,NaN,43.30279853930873,35.70531810587013
2022-05-31T09:30:00-04:00,60.1,61.005,59.26,59.62,25118042,36332003.4,NaN,NaN,NaN,NaN,NaN,NaN,NaN,NaN,NaN,NaN,NaN,1.0504996953576886,36.450696685877446,25,-1966316.4053095207,60.141375571587126,25,75,NaN,29.360246006706518,28.280939211871196,NaN,NaN,-14.513809523809549,-1.5253142857142876,NaN,NaN,43.426582366468075,36.73482000728319
2022-06-06T09:30:00-04:00,60.28,61.0362,56.605,56.71,22964478,35769412.85,NaN,NaN,NaN,NaN,NaN,NaN,NaN,NaN,NaN,NaN,NaN,0.9983914419016503,37.39541838027961,25,-1408952.3609837182,80.07068778579357,25,75,NaN,26.245180132890738,28.51998444645698,NaN,NaN,-16.894285714285736,1.1213619047619119,NaN,NaN,38.41048242576619,36.958241663080926
2022-06-13T09:30:00-04:00,55.32,55.81,52.735,53.84,37636331,34812873,NaN,NaN,NaN,NaN,NaN,NaN,NaN,NaN,NaN,NaN,NaN,1.3994302805619017,38.81568499532612,25,-1059400.3498523347,63.07606135423752,25,75,NaN,21.857142419283136,28.666890447033705,NaN,NaN,-19.173333333333346,-0.2262666666666604,NaN,NaN,42.03426289464198,37.63504449395573
2022-06-21T09:30:00-04:00,54.47,56.94,53.725,56.94,25477953,34401560.2,NaN,NaN,NaN,61.0362,NaN,61.0362,NaN,NaN,NaN,NaN,NaN,1.2760341351036202,39.62503335010868,25,-609690.8154933266,56.57282768367586,25,75,NaN,29.023833175454897,28.582063298600936,NaN,NaN,-15.447142857142879,-0.17960000000001486,NaN,NaN,43.63082554853125,38.43448196789913
2022-06-27T09:30:00-04:00,57.06,57.11,53.49,54.82,21836375,33934704.95,NaN,NaN,NaN,NaN,52.735,NaN,52.735,NaN,NaN,52.735,NaN,1.2424118329658596,40.41237485693861,25,-388238.82666174695,37.899281781612096,25,75,NaN,27.612685280925092,27.975578855516993,NaN,NaN,-16.93809523809525,0.2440714285714094,NaN,NaN,45.54396920677412,39.38241359974913
2022-07-05T09:30:00-04:00,54.13,57.21,53.61,56.71,14336524,33190481.6,NaN,NaN,NaN,NaN,NaN,NaN,NaN,NaN,NaN,NaN,NaN,1.28431010920195,41.09412434243143,25,-570679.2503525056,68.94964089080605,25,75,NaN,30.970996098649508,27.399266100561533,NaN,NaN,-14.292857142857166,0.049785714285697225,NaN,NaN,52.74568248624023,41.16418278461461
2022-07-11T09:30:00-04:00,56.02,56.08,53.41,55.41,20600444,32541052.4,NaN,NaN,NaN,NaN,NaN,NaN,NaN,NaN,NaN,NaN,NaN,1.400872771157907,41.76214325619743,25,-717882.6897243671,84.47482044540303,25,75,NaN,29.521827538772314,26.826010940835342,NaN,NaN,-14.848095238095269,-0.83973809523809,NaN,NaN,58.00463397572864,43.40957627676315
2022-07-18T09:30:00-04:00,55.8,58.335,54.98,55.99,22823183,31923423.85,NaN,NaN,NaN,NaN,NaN,NaN,NaN,NaN,NaN,NaN,NaN,1.292636870004791,41.24156877148336,25,-698332.6079181544,92.23741022270151,25,75,NaN,33.75599111812508,26.83841008077302,NaN,NaN,-13.442857142857157,-0.226404761904746,NaN,NaN,51.85084426248477,44.53507867485936
2022-07-25T09:30:00-04:00,56.05,57.3,54.52,56.37,22764545,31290497.8,NaN,NaN,NaN,NaN,NaN,NaN,NaN,NaN,NaN,NaN,NaN,1.2152073155873082,40.864850965320734,25,-425320.676304549,96.11870511135075,25,75,NaN,33.437022864849894,27.289598719670824,NaN,NaN,-12.230952380952395,-0.8139476190476174,NaN,NaN,55.95730105347291,46.058041658674505
2022-08-01T09:30:00-04:00,55.95,58.09,55.58,57.09,19462049,30582444.45,NaN,NaN,NaN,NaN,NaN,NaN,NaN,NaN,NaN,NaN,NaN,1.2461906283626334,40.12221711494576,25,-254365.48877058923,98.05935255567537,25,75,NaN,36.33688737437484,28.22576018196424,NaN,NaN,-10.554285714285726,-1.0848999999999904,NaN,NaN,58.36399114164188,47.69883492307015
2022-08-08T09:30:00-04:00,57.43,59.75,56.58,59.56,15800806,30176443.65,NaN,NaN,NaN,NaN,NaN,NaN,NaN,NaN,NaN,NaN,NaN,1.1921932182800943,38.65118462181805,25,72640.85216131434,99.0296762778377,25,75,NaN,42.56199278935488,29.477409500763596,NaN,NaN,-7.252857142857152,-0.5520428571428369,NaN,NaN,57.939797749158515,49.064296633215264
2022-08-15T09:30:00-04:00,59.28,60.24,57.425,57.69,15251007,29773096.85,NaN,NaN,NaN,NaN,NaN,NaN,NaN,NaN,NaN,NaN,NaN,1.184557044588335,37.06355409693144,25,173258.50010726228,99.51483813891885,25,75,NaN,41.18943435934427,30.77866529021458,NaN,NaN,-8.32190476190479,-0.8548999999999936,NaN,NaN,50.41364963296534,49.244210366515276
2022-08-22T09:30:00-04:00,56.94,57.225,55.14,55.16,20672245,29685771.7,NaN,NaN,NaN,NaN,NaN,NaN,NaN,NaN,NaN,NaN,NaN,1.1873305830096812,36.27792703544713,25,101672.19771731645,99.75741906945942,25,75,NaN,35.82929041136195,31.717061743430868,NaN,NaN,-9.90666666666668,-1.6430523809523976,NaN,NaN,47.520940362077894,49.01444103259029
2022-08-29T09:30:00-04:00,54.77,55.54,53.63,53.84,24659617,29692954.5,NaN,NaN,NaN,60.24,NaN,60.24,NaN,NaN,60.24,NaN,NaN,1.1657987985522016,35.949053550678656,25,97625.27693432942,49.87870953472971,25,75,NaN,33.208089534303085,32.20790136459972,NaN,NaN,-10.351428571428585,-1.743528571428584,NaN,NaN,47.10732857209937,48.7601593711915
2022-09-06T09:30:00-04:00,53.81,55.685,52.81,55.62,38024829,29675334.4,NaN,NaN,NaN,NaN,NaN,NaN,NaN,NaN,NaN,NaN,NaN,1.1424790320249372,35.850998500007776,25,70335.62816922739,52.13707967113716,25,75,NaN,35.712348840727586,32.66162299560123,NaN,NaN,-7.8395238095238255,-0.7716238095238168,NaN,NaN,54.54837155570078,49.53192099579274
2022-09-12T09:30:00-04:00,55.72,56.235,51.7,52.14,37307656,28460237.5,NaN,NaN,NaN,NaN,NaN,NaN,NaN,NaN,NaN,NaN,NaN,1.041910604552127,36.03247007423403,25,-104573.65794329718,26.06853983556858,25,75,NaN,32.311628040526486,33.09494070328949,NaN,NaN,-10.540952380952398,1.0298047619047566,NaN,NaN,55.158938899736754,50.28219004965194
2022-09-19T09:30:00-04:00,51.72,52.33,48.515,49.11,32299435,27692899.75,NaN,NaN,NaN,NaN,NaN,NaN,NaN,NaN,NaN,NaN,NaN,0.9548302315225026,36.872904863918166,25,-565777.6884859726,13.03426991778429,25,75,NaN,27.39836701732486,33.49074246029247,NaN,NaN,-12.970952380952397,0.2833761904761829,NaN,NaN,55.0439053485351,50.91708542283636
2022-09-26T09:30:00-04:00,48.89,49.88,47.8,47.89,33298451,26390491.6,NaN,NaN,NaN,56.235,NaN,56.235,NaN,NaN,NaN,NaN,NaN,1.0363354255403228,37.78604873283519,25,-978433.0720839202,6.517134958892145,25,75,NaN,25.610775546232787,33.246952629633746,NaN,NaN,-13.619523809523834,-1.43019523809523,NaN,NaN,54.36290418099119,51.37652792392367
2022-10-03T09:30:00-04:00,48.44,50.76,48.3,48.73,31202683,25736547,NaN,NaN,NaN,NaN,48.515,NaN,48.515,NaN,NaN,NaN,NaN,0.9471254643579197,38.15229291391117,25,-1188054.395607166,3.2585674794460724,25,75,NaN,28.358899614224157,33.300253653440826,NaN,NaN,-12.182380952380981,-0.9911476190476236,NaN,NaN,47.31066038267051,50.83441225175658
2022-10-10T09:30:00-04:00,48.89,49.37,46.473,47.98,36573115,25905488.4,NaN,NaN,NaN,NaN,NaN,NaN,NaN,NaN,NaN,NaN,NaN,1.0169571459800308,38.86557942368863,25,-1311991.2581563294,1.6292837397230362,25,75,NaN,26.72021496434563,32.99662642956197,NaN,NaN,-12.450476190476216,-0.5589095238095467,NaN,NaN,48.341217391174375,50.50198627034562
2022-10-17T09:30:00-04:00,48.8,50.805,48.76,50.15,36622329,26480702.75,NaN,NaN,NaN,NaN,NaN,NaN,NaN,NaN,NaN,NaN,NaN,0.9044195512722973,38.76760365678891,25,-1466666.9084170014,27.43496664778967,25,75,NaN,33.76481535534563,33.299696987888645,NaN,NaN,-9.933809523809543,-1.4016238095238265,NaN,NaN,45.415051586210105,49.82372831246089
2022-10-24T09:30:00-04:00,50.29,51.95,47.79,49.03,31908034,26927880.55,NaN,NaN,NaN,NaN,NaN,NaN,NaN,NaN,NaN,NaN,NaN,0.9083316490068009,38.10550622495158,25,-1327692.1779774353,63.71748332389484,25,75,NaN,32.89258318013381,33.23802499231783,NaN,NaN,-10.640952380952406,0.7919476190476118,NaN,NaN,46.42954077084491,49.37116997357876
2022-10-31T09:30:00-04:00,48.67,49.15,44.86,45.72,40903810,27091254.5,NaN,NaN,NaN,NaN,NaN,NaN,NaN,NaN,NaN,NaN,NaN,0.9512699126990688,38.186263997304565,25,-1150634.36487782,63.1632768393219,25,75,NaN,28.20058878426265,32.8639939865616,NaN,NaN,-13.403809523809542,0.9140904761904665,NaN,NaN,48.418153540888795,49.244101115886764
2022-11-07T09:30:00-05:00,46.23,50.22,45.895,50.02,40065283,27820621,NaN,NaN,NaN,51.95,NaN,51.95,NaN,NaN,NaN,NaN,NaN,0.9615279654644318,37.74884496316474,25,-643508.9056630172,81.58163841966095,25,75,NaN,36.637718173101284,32.88548190075635,NaN,NaN,-8.430952380952398,0.9645666666666415,NaN,NaN,54.530451927555326,49.948947890775905
2022-11-14T09:30:00-05:00,49.66,51.2,48.91,49.53,30930835,28275344,NaN,NaN,NaN,NaN,44.86,NaN,44.86,NaN,NaN,44.86,NaN,0.9691798461223594,36.88648314313278,25,-122086.78831451014,90.79081920983047,25,75,NaN,38.81834027190862,32.61807814951019,NaN,NaN,-8.242857142857162,-0.9632904761904868,NaN,NaN,47.14871124742624,49.57558300499595
2022-11-21T09:30:00-05:00,49.66,50.59,48.84,50.2,15183392,28317687.4,NaN,NaN,NaN,NaN,NaN,NaN,NaN,NaN,NaN,NaN,NaN,1.013243041266725,36.10539465616599,25,273419.1906434074,95.39540960491524,25,75,NaN,39.31072306302624,32.48388448548747,NaN,NaN,-7.055714285714309,-1.5474380952381068,NaN,NaN,51.14996538026442,49.78550065503175
2022-11-28T09:30:00-05:00,49.91,52.19,48.97,51.94,28823750,28728852.7,NaN,NaN,NaN,NaN,NaN,NaN,NaN,NaN,NaN,NaN,NaN,1.129478678540825,34.627955629202326,25,271774.77779340744,97.69770480245762,25,75,NaN,43.1969799875686,33.01014802664509,NaN,NaN,-4.878571428571455,0.018514285714267942,NaN,NaN,51.73816021876292,50.04585526352923
2022-12-05T09:30:00-05:00,51.53,52.09,49.0401,49.44,26050850,28890236.05,NaN,NaN,NaN,NaN,NaN,NaN,NaN,NaN,NaN,NaN,NaN,1.3214766635730129,33.256047961307495,25,222583.9755296521,98.84885240122881,25,75,NaN,40.50056380084008,33.53103904568345,NaN,NaN,-6.904761904761941,-0.15420476190477928,NaN,NaN,45.75258088281543,49.47341867943406
2022-12-12T09:30:00-05:00,49.44,52.07,47.77,48.05,43741618,29939089.7,NaN,NaN,NaN,NaN,NaN,NaN,NaN,NaN,NaN,NaN,NaN,1.195636538272156,32.41389456691322,25,606371.1574875973,99.4244262006144,25,75,NaN,38.4111645855772,33.72381159888699,NaN,NaN,-7.748095238095274,1.195419047619005,NaN,NaN,43.67507832429393,48.70030663208205
2022-12-19T09:30:00-05:00,47.69,47.98,46.475,47.8,25525118,30242243.15,NaN,NaN,NaN,NaN,NaN,NaN,NaN,NaN,NaN,NaN,NaN,1.1863622036763728,32.040070619555614,25,296986.97312327474,99.7122131003072,25,75,NaN,35.554976367043494,33.95547933649535,NaN,NaN,-7.508571428571464,-1.5719619047619275,NaN,NaN,46.077251375438856,48.350565931196286
2022-12-27T09:30:00-05:00,47.65,48.155,46.67,47.99,18248984,30364652.05,NaN,NaN,NaN,52.07,NaN,52.07,NaN,NaN,NaN,NaN,NaN,1.1063087305860697,31.597759310209106,25,208571.26523965225,99.8561065501536,25,75,NaN,36.20601767053619,34.58459724029616,NaN,NaN,-6.840476190476224,-1.5722952380952648,NaN,NaN,49.19623835952791,48.46332225497384
2023-01-03T09:30:00-05:00,48.58,50.535,48.15,50.4,24401760,30822189.7,NaN,NaN,NaN,NaN,46.475,NaN,46.475,NaN,NaN,NaN,NaN,1.1660626992322631,29.99104408294631,25,96359.12483715266,99.92805327507679,25,75,NaN,43.34009980564873,35.85097754454016,NaN,NaN,-3.9509523809524225,-0.552533333333372,NaN,NaN,49.23292709786433,48.565936234025905
2023-01-09T09:30:00-05:00,50.62,52.43,50.022,52.35,27119849,31144569.9,NaN,NaN,NaN,NaN,NaN,NaN,NaN,NaN,NaN,NaN,NaN,1.1551063512662099,27.9965962178449,25,-388553.07217521593,99.9640266375384,25,75,NaN,48.78790257128155,37.310192041472824,NaN,NaN,-1.4966666666667052,-0.6445333333333778,NaN,NaN,57.82106249671495,49.799953069051114
2023-01-17T09:30:00-05:00,52.22,53.1556,50.8,53.1,21721851,30997681.6,NaN,NaN,NaN,NaN,NaN,NaN,NaN,NaN,NaN,NaN,NaN,1.1920254418257317,26.42801900227244,25,-266919.63126895577,99.98201331876919,25,75,NaN,50.784315687550745,39.02905637884462,NaN,NaN,-0.2233333333333647,-0.690209523809564,NaN,NaN,64.9046744222394,51.81391591614288
2023-01-23T09:30:00-05:00,53.15,55.5957,53.02,55.29,28190560,30505968.15,NaN,NaN,NaN,NaN,NaN,NaN,NaN,NaN,NaN,NaN,NaN,1.1517580537097785,25.830273670883624,25,106889.5849045366,99.9910066593846,25,75,NaN,56.30536684469771,40.639095770941196,NaN,NaN,2.148571428571394,-0.529633333333372,NaN,NaN,69.33030591219502,54.14943458228316
2023-01-30T09:30:00-05:00,54.74,59.79,54.3,58.2,32919600,30286565.35,NaN,NaN,NaN,NaN,NaN,NaN,NaN,NaN,NaN,NaN,NaN,1.2026946713479816,26.396060661781156,25,638879.1436591819,99.9955033296923,25,75,NaN,62.03552271779529,42.72073430934558,NaN,NaN,5.41142857142853,2.42871428571425,NaN,NaN,66.21752489352359,55.758513290448555
2023-02-06T09:30:00-05:00,57.52,58.7699,54.81,54.96,29945528,30168870,NaN,NaN,NaN,NaN,NaN,NaN,NaN,NaN,NaN,NaN,NaN,1.1437737826676433,26.921434296186007,25,1147548.0485125743,99.99775166484615,25,75,NaN,57.04902824044941,44.78133712764464,NaN,NaN,2.391428571428527,0.9876619047618789,NaN,NaN,65.5158478080489,57.0594912261286
2023-02-13T09:30:00-05:00,55.23,56.3,54.725,55.35,22590928,29633493.85,NaN,NaN,NaN,59.79,NaN,59.79,NaN,NaN,NaN,NaN,NaN,1.103014576161441,27.366473685120283,25,1337277.0897736251,99.99887583242307,25,75,NaN,55.82205276198869,46.151646741136595,NaN,NaN,3.0085714285713934,-1.379142857142881,NaN,NaN,67.04729562112811,58.391198478795204
2023-02-21T09:30:00-05:00,54.79,55.08,52.845,53.24,18580469,29002383.15,NaN,NaN,NaN,NaN,NaN,NaN,NaN,NaN,NaN,NaN,NaN,1.0842675776803996,26.862547387560713,25,1181926.6255903319,49.999437916211534,25,75,NaN,50.95469045292726,47.01852889692365,NaN,NaN,1.1828571428571024,-0.7372333333333643,NaN,NaN,67.89803477477841,59.658776651592966
2023-02-27T09:30:00-05:00,53.63,54.825,52.74,54.76,26502747,28498864.75,NaN,NaN,NaN,NaN,NaN,NaN,NaN,NaN,NaN,NaN,NaN,1.1185028283834926,26.34505744333288,25,1011872.2744307443,50.054777742913814,25,75,NaN,52.58478934627457,47.96667648858424,NaN,NaN,3.0809523809523327,-0.9322333333333646,NaN,NaN,72.45434369864329,61.36485225786634
2023-03-06T09:30:00-05:00,55.09,55.515,51.97,52.26,34700071,28402751.85,NaN,NaN,NaN,NaN,NaN,NaN,NaN,NaN,NaN,NaN,NaN,1.1308738286563378,25.492354121124556,25,549682.1992811263,25.027388871456907,25,75,NaN,49.243752867858674,48.39858883717638,NaN,NaN,0.9890476190475681,0.5884809523809196,NaN,NaN,66.81578650330337,62.091643490591274
2023-03-13T09:30:00-04:00,51.85,55.68,51.37,55.01,61912544,29902977.35,NaN,NaN,NaN,NaN,NaN,NaN,NaN,NaN,NaN,NaN,NaN,1.0997534655806274,24.412380057887567,25,138461.83079625294,26.816423368342292,25,75,NaN,52.48528009080167,49.25464000074508,NaN,NaN,4.172380952380898,1.4022904761904442,NaN,NaN,67.82958456170331,62.85670230007288
2023-03-20T09:30:00-04:00,54.91,57.13,54.71,56.65,31518094,29433691.55,NaN,NaN,NaN,NaN,NaN,NaN,NaN,NaN,NaN,NaN,NaN,1.0249238657790545,23.947711517409694,25,172657.31557247415,46.219131359496586,25,75,NaN,57.177817430241795,50.5951152039354,NaN,NaN,6.248571428571381,-0.4503285714285994,NaN,NaN,70.76769137999428,63.9115008440624
2023-03-27T09:30:00-04:00,56.65,58.02,55.58,57.97,28743076,28867581.2,NaN,NaN,NaN,NaN,51.37,NaN,51.37,NaN,NaN,NaN,NaN,0.9933248206960973,23.824909059597584,25,255904.56858554855,65.02837900682646,25,75,NaN,59.52491507353083,52.30725368297021,NaN,NaN,7.822857142857089,-0.4109476190476542,NaN,NaN,74.62818627040618,65.34039223424158
2023-04-03T09:30:00-04:00,57.55,59.105,57.49,58.93,41695931,29405836,NaN,NaN,NaN,NaN,NaN,NaN,NaN,NaN,NaN,NaN,NaN,0.9852722670304555,24.069980545454786,25,619502.2444693446,82.51418950341323,25,75,NaN,62.02857200031371,54.15172184938289,NaN,NaN,8.880952380952337,-1.2488333333333657,NaN,NaN,73.79139833763878,66.46719304802787
2023-04-10T09:30:00-04:00,58.49,59.43,57.98,59.23,38443570,30568844.9,NaN,NaN,NaN,NaN,NaN,NaN,NaN,NaN,NaN,NaN,NaN,0.9465906395940393,24.40368483668159,25,1043299.432813216,91.25709475170662,25,75,NaN,62.74308727039774,55.53764952543639,NaN,NaN,9.111904761904718,-1.4455333333333655,NaN,NaN,76.49352747226158,67.80403763792569
2023-04-17T09:30:00-04:00,58.58,59.2,57.21,57.69,26808361,30468075.45,NaN,NaN,NaN,59.105,NaN,59.105,NaN,NaN,NaN,NaN,NaN,0.9172540911797531,24.258020072911318,25,1517952.5918957666,95.62854737585332,25,75,NaN,59.27933883710729,56.287037830138225,NaN,NaN,7.449047619047576,-1.0300571428571814,NaN,NaN,69.499683492359,68.03012375185013
2023-04-24T09:30:00-04:00,57.71,59.91,56.065,59.9,34264712,30878768.55,NaN,NaN,NaN,NaN,NaN,NaN,NaN,NaN,NaN,NaN,NaN,0.9235609135113443,23.480366509684732,25,1553155.821742978,97.81427368792666,25,75,NaN,61.514118654858414,57.053452327803065,NaN,NaN,9.524761904761867,0.8523285714285223,NaN,NaN,69.91445327925808,68.28136768883786
2023-05-01T09:30:00-04:00,59.81,60.14,57.58,57.61,40399103,30711642.8,NaN,NaN,NaN,NaN,NaN,NaN,NaN,NaN,NaN,NaN,NaN,0.9099209874685239,22.855102210301336,25,1257956.5731726773,48.90713684396333,25,75,NaN,59.0320312659386,57.24821407217741,NaN,NaN,6.937619047619009,-0.3260047619048052,NaN,NaN,68.32235871574191,68.28683315909173